id,usuario,nombre,apellido,email,password,tema,status,creacion,id,id_alumno,id_aplicacion,carrera,promedio_anterior,semestre,materias,transporte,familiares,trabajo,beca,sexo,edad,estado_civil
2512,est1_135947499736,Estudiante1,Hibrido1,estudiante1@hibrido.anxitech.com,$2y$10$abcdefghijklmnopqrstuvwxyz1234567890ABCDEFGH,light,1,2026-02-03 13:59:47,786,2512,3,IINF,84.8,10,5,2,0,0,0,M,21,Soltero
2513,est2_135947503351,Estudiante2,Hibrido2,estudiante2@hibrido.anxitech.com,$2y$10$abcdefghijklmnopqrstuvwxyz1234567890ABCDEFGH,light,1,2026-02-03 13:59:47,787,2513,3,ISC,81.4,9,8,1,0,0,1,F,18,Soltero
2514,est3_135947513362,Estudiante3,Hibrido3,estudiante3@hibrido.anxitech.com,$2y$10$abcdefghijklmnopqrstuvwxyz1234567890ABCDEFGH,light,1,2026-02-03 13:59:47,788,2514,3,ISC,87.8,7,4,3,0,0,1,M,28,Soltero
2515,est4_135947515362,Estudiante4,Hibrido4,estudiante4@hibrido.anxitech.com,$2y$10$abcdefghijklmnopqrstuvwxyz1234567890ABCDEFGH,light,1,2026-02-03 13:59:47,789,2515,3,IGE,77.6,7,7,2,0,0,1,M,21,Soltero
2516,est5_135947525175,Estudiante5,Hibrido5,estudiante5@hibrido.anxitech.com,$2y$10$abcdefghijklmnopqrstuvwxyz1234567890ABCDEFGH,light,1,2026-02-03 13:59:47,790,2516,3,IINF,86.7,1,6,1,0,1,0,M,25,Soltero
2517,est6_135947529478,Estudiante6,Hibrido6,estudiante6@hibrido.anxitech.com,$2y$10$abcdefghijklmnopqrstuvwxyz1234567890ABCDEFGH,light,1,2026-02-03 13:59:47,791,2517,3,IINF,85.4,7,4,3,0,1,0,M,24,Soltero
2518,est7_135947531479,Estudiante7,Hibrido7,estudiante7@hibrido.anxitech.com,$2y$10$abcdefghijklmnopqrstuvwxyz1234567890ABCDEFGH,light,1,2026-02-03 13:59:47,792,2518,3,ICD,70.7,6,7,3,0,0,0,M,21,Soltero
2519,est8_135947533480,Estudiante8,Hibrido8,estudiante8@hibrido.anxitech.com,$2y$10$abcdefghijklmnopqrstuvwxyz1234567890ABCDEFGH,light,1,2026-02-03 13:59:47,793,2519,3,IGE,77.7,5,5,2,0,0,0,M,18,Casado
2520,est9_135947536484,Estudiante9,Hibrido9,estudiante9@hibrido.anxitech.com,$2y$10$abcdefghijklmnopqrstuvwxyz1234567890ABCDEFGH,light,1,2026-02-03 13:59:47,794,2520,3,ICD,90.5,1,6,2,0,0,0,F,26,Casado
2521,est10_135947538835,Estudiante10,Hibrido10,estudiante10@hibrido.anxitech.com,$2y$10$abcdefghijklmnopqrstuvwxyz1234567890ABCDEFGH,light,1,2026-02-03 13:59:47,795,2521,3,ICD,74.8,3,4,3,0,1,0,M,27,Soltero
2522,est11_135947540843,Estudiante11,Hibrido11,estudiante11@hibrido.anxitech.com,$2y$10$abcdefghijklmnopqrstuvwxyz1234567890ABCDEFGH,light,1,2026-02-03 13:59:47,796,2522,3,IINF,91.6,1,6,1,0,0,0,F,27,Soltero
2523,est12_135947543913,Estudiante12,Hibrido12,estudiante12@hibrido.anxitech.com,$2y$10$abcdefghijklmnopqrstuvwxyz1234567890ABCDEFGH,light,1,2026-02-03 13:59:47,797,2523,3,ISC,78.1,9,6,1,0,0,0,F,25,Soltero
2524,est13_135947545101,Estudiante13,Hibrido13,estudiante13@hibrido.anxitech.com,$2y$10$abcdefghijklmnopqrstuvwxyz1234567890ABCDEFGH,light,1,2026-02-03 13:59:47,798,2524,3,IGE,76.8,8,5,1,0,1,1,M,18,Soltero
2525,est14_135947547109,Estudiante14,Hibrido14,estudiante14@hibrido.anxitech.com,$2y$10$abcdefghijklmnopqrstuvwxyz1234567890ABCDEFGH,light,1,2026-02-03 13:59:47,799,2525,3,ISC,75.3,9,7,2,0,0,0,F,19,Soltero
2526,est15_135947549117,Estudiante15,Hibrido15,estudiante15@hibrido.anxitech.com,$2y$10$abcdefghijklmnopqrstuvwxyz1234567890ABCDEFGH,light,1,2026-02-03 13:59:47,800,2526,3,ICD,77.6,8,4,3,0,1,0,M,23,Soltero
2527,est16_135947551231,Estudiante16,Hibrido16,estudiante16@hibrido.anxitech.com,$2y$10$abcdefghijklmnopqrstuvwxyz1234567890ABCDEFGH,light,1,2026-02-03 13:59:47,801,2527,3,ICD,77.5,4,4,2,0,0,0,M,20,Soltero
2528,est17_135947553238,Estudiante17,Hibrido17,estudiante17@hibrido.anxitech.com,$2y$10$abcdefghijklmnopqrstuvwxyz1234567890ABCDEFGH,light,1,2026-02-03 13:59:47,802,2528,3,ICD,84.1,1,4,3,0,0,0,F,18,Casado
2529,est18_135947555256,Estudiante18,Hibrido18,estudiante18@hibrido.anxitech.com,$2y$10$abcdefghijklmnopqrstuvwxyz1234567890ABCDEFGH,light,1,2026-02-03 13:59:47,803,2529,3,ISC,71.6,1,5,0,0,0,0,F,27,Soltero
2530,est19_135947558280,Estudiante19,Hibrido19,estudiante19@hibrido.anxitech.com,$2y$10$abcdefghijklmnopqrstuvwxyz1234567890ABCDEFGH,light,1,2026-02-03 13:59:47,804,2530,3,IINF,88.4,10,8,2,0,1,0,F,24,Soltero
2531,est20_135947560574,Estudiante20,Hibrido20,estudiante20@hibrido.anxitech.com,$2y$10$abcdefghijklmnopqrstuvwxyz1234567890ABCDEFGH,light,1,2026-02-03 13:59:47,805,2531,3,IGE,87.9,1,7,0,0,0,1,F,24,Soltero
2532,est21_135947561586,Estudiante21,Hibrido21,estudiante21@hibrido.anxitech.com,$2y$10$abcdefghijklmnopqrstuvwxyz1234567890ABCDEFGH,light,1,2026-02-03 13:59:47,806,2532,3,ISC,73.8,3,7,2,0,0,0,F,18,Soltero
2533,est22_135947563629,Estudiante22,Hibrido22,estudiante22@hibrido.anxitech.com,$2y$10$abcdefghijklmnopqrstuvwxyz1234567890ABCDEFGH,light,1,2026-02-03 13:59:47,807,2533,3,ICD,71.0,7,5,0,0,1,0,F,26,Soltero
2534,est23_135947564653,Estudiante23,Hibrido23,estudiante23@hibrido.anxitech.com,$2y$10$abcdefghijklmnopqrstuvwxyz1234567890ABCDEFGH,light,1,2026-02-03 13:59:47,808,2534,3,ICD,89.2,4,6,3,0,1,0,F,27,Soltero
2535,est24_135947566701,Estudiante24,Hibrido24,estudiante24@hibrido.anxitech.com,$2y$10$abcdefghijklmnopqrstuvwxyz1234567890ABCDEFGH,light,1,2026-02-03 13:59:47,809,2535,3,IINF,82.0,4,7,3,0,0,1,M,25,Casado
2536,est25_135947567716,Estudiante25,Hibrido25,estudiante25@hibrido.anxitech.com,$2y$10$abcdefghijklmnopqrstuvwxyz1234567890ABCDEFGH,light,1,2026-02-03 13:59:47,810,2536,3,ISC,91.0,2,6,1,0,0,0,M,28,Soltero
2537,est26_135947568737,Estudiante26,Hibrido26,estudiante26@hibrido.anxitech.com,$2y$10$abcdefghijklmnopqrstuvwxyz1234567890ABCDEFGH,light,1,2026-02-03 13:59:47,811,2537,3,IGE,78.8,3,7,3,0,0,1,M,19,Soltero
2538,est27_135947569760,Estudiante27,Hibrido27,estudiante27@hibrido.anxitech.com,$2y$10$abcdefghijklmnopqrstuvwxyz1234567890ABCDEFGH,light,1,2026-02-03 13:59:47,812,2538,3,IGE,81.0,3,7,2,0,1,0,F,25,Soltero
2539,est28_135947571807,Estudiante28,Hibrido28,estudiante28@hibrido.anxitech.com,$2y$10$abcdefghijklmnopqrstuvwxyz1234567890ABCDEFGH,light,1,2026-02-03 13:59:47,813,2539,3,ISC,80.2,10,4,1,0,0,0,M,25,Soltero
2540,est29_135947572982,Estudiante29,Hibrido29,estudiante29@hibrido.anxitech.com,$2y$10$abcdefghijklmnopqrstuvwxyz1234567890ABCDEFGH,light,1,2026-02-03 13:59:47,814,2540,3,IGE,94.9,9,7,2,0,0,0,M,18,Casado
2541,est30_135947575208,Estudiante30,Hibrido30,estudiante30@hibrido.anxitech.com,$2y$10$abcdefghijklmnopqrstuvwxyz1234567890ABCDEFGH,light,1,2026-02-03 13:59:47,815,2541,3,IINF,92.7,9,6,3,0,0,0,F,23,Soltero
2542,est31_135947577246,Estudiante31,Hibrido31,estudiante31@hibrido.anxitech.com,$2y$10$abcdefghijklmnopqrstuvwxyz1234567890ABCDEFGH,light,1,2026-02-03 13:59:47,816,2542,3,IINF,86.5,2,6,0,0,0,0,M,25,Soltero
2543,est32_135947578271,Estudiante32,Hibrido32,estudiante32@hibrido.anxitech.com,$2y$10$abcdefghijklmnopqrstuvwxyz1234567890ABCDEFGH,light,1,2026-02-03 13:59:47,817,2543,3,IGE,80.2,4,6,0,0,1,1,M,22,Soltero
2544,est33_135947579297,Estudiante33,Hibrido33,estudiante33@hibrido.anxitech.com,$2y$10$abcdefghijklmnopqrstuvwxyz1234567890ABCDEFGH,light,1,2026-02-03 13:59:47,818,2544,3,IGE,84.9,7,8,2,0,0,0,F,27,Soltero
2545,est34_135947581348,Estudiante34,Hibrido34,estudiante34@hibrido.anxitech.com,$2y$10$abcdefghijklmnopqrstuvwxyz1234567890ABCDEFGH,light,1,2026-02-03 13:59:47,819,2545,3,IINF,86.3,10,4,2,0,0,0,F,18,Soltero
2546,est35_135947582357,Estudiante35,Hibrido35,estudiante35@hibrido.anxitech.com,$2y$10$abcdefghijklmnopqrstuvwxyz1234567890ABCDEFGH,light,1,2026-02-03 13:59:47,820,2546,3,ISC,93.2,5,5,2,0,0,1,M,26,Soltero
2547,est36_135947584454,Estudiante36,Hibrido36,estudiante36@hibrido.anxitech.com,$2y$10$abcdefghijklmnopqrstuvwxyz1234567890ABCDEFGH,light,1,2026-02-03 13:59:47,821,2547,3,ICD,77.9,1,6,1,0,0,0,M,20,Soltero
2548,est37_135947585490,Estudiante37,Hibrido37,estudiante37@hibrido.anxitech.com,$2y$10$abcdefghijklmnopqrstuvwxyz1234567890ABCDEFGH,light,1,2026-02-03 13:59:47,822,2548,3,ISC,82.5,4,4,2,0,0,1,F,23,Soltero
2549,est38_135947586514,Estudiante38,Hibrido38,estudiante38@hibrido.anxitech.com,$2y$10$abcdefghijklmnopqrstuvwxyz1234567890ABCDEFGH,light,1,2026-02-03 13:59:47,823,2549,3,ISC,91.9,8,6,1,0,0,0,F,19,Soltero
2550,est39_135947588020,Estudiante39,Hibrido39,estudiante39@hibrido.anxitech.com,$2y$10$abcdefghijklmnopqrstuvwxyz1234567890ABCDEFGH,light,1,2026-02-03 13:59:47,824,2550,3,IGE,86.8,3,8,2,0,0,0,F,20,Soltero
2551,est40_135947590516,Estudiante40,Hibrido40,estudiante40@hibrido.anxitech.com,$2y$10$abcdefghijklmnopqrstuvwxyz1234567890ABCDEFGH,light,1,2026-02-03 13:59:47,825,2551,3,ISC,85.3,5,5,0,0,0,0,F,28,Soltero
2552,est41_135947592553,Estudiante41,Hibrido41,estudiante41@hibrido.anxitech.com,$2y$10$abcdefghijklmnopqrstuvwxyz1234567890ABCDEFGH,light,1,2026-02-03 13:59:47,826,2552,3,ISC,84.9,7,4,1,0,0,0,M,20,Soltero
2553,est42_135947593569,Estudiante42,Hibrido42,estudiante42@hibrido.anxitech.com,$2y$10$abcdefghijklmnopqrstuvwxyz1234567890ABCDEFGH,light,1,2026-02-03 13:59:47,827,2553,3,IINF,85.2,4,4,0,0,0,0,M,23,Soltero
2554,est43_135947594590,Estudiante43,Hibrido43,estudiante43@hibrido.anxitech.com,$2y$10$abcdefghijklmnopqrstuvwxyz1234567890ABCDEFGH,light,1,2026-02-03 13:59:47,828,2554,3,ICD,73.9,3,4,3,0,0,0,M,21,Soltero
2555,est44_135947595613,Estudiante44,Hibrido44,estudiante44@hibrido.anxitech.com,$2y$10$abcdefghijklmnopqrstuvwxyz1234567890ABCDEFGH,light,1,2026-02-03 13:59:47,829,2555,3,ISC,79.2,9,4,0,0,0,0,F,23,Soltero
2556,est45_135947596637,Estudiante45,Hibrido45,estudiante45@hibrido.anxitech.com,$2y$10$abcdefghijklmnopqrstuvwxyz1234567890ABCDEFGH,light,1,2026-02-03 13:59:47,830,2556,3,IINF,74.7,2,7,0,0,0,0,F,21,Soltero
2557,est46_135947597661,Estudiante46,Hibrido46,estudiante46@hibrido.anxitech.com,$2y$10$abcdefghijklmnopqrstuvwxyz1234567890ABCDEFGH,light,1,2026-02-03 13:59:47,831,2557,3,ICD,80.0,9,7,1,0,1,0,M,21,Soltero
2558,est47_135947599714,Estudiante47,Hibrido47,estudiante47@hibrido.anxitech.com,$2y$10$abcdefghijklmnopqrstuvwxyz1234567890ABCDEFGH,light,1,2026-02-03 13:59:47,832,2558,3,IINF,80.1,2,8,3,0,1,0,F,23,Casado
2559,est48_135947600738,Estudiante48,Hibrido48,estudiante48@hibrido.anxitech.com,$2y$10$abcdefghijklmnopqrstuvwxyz1234567890ABCDEFGH,light,1,2026-02-03 13:59:47,833,2559,3,IGE,75.3,7,8,3,0,1,0,M,28,Casado
2560,est49_135947601762,Estudiante49,Hibrido49,estudiante49@hibrido.anxitech.com,$2y$10$abcdefghijklmnopqrstuvwxyz1234567890ABCDEFGH,light,1,2026-02-03 13:59:47,834,2560,3,IINF,92.1,10,6,3,0,0,0,M,19,Soltero
2561,est50_135947602808,Estudiante50,Hibrido50,estudiante50@hibrido.anxitech.com,$2y$10$abcdefghijklmnopqrstuvwxyz1234567890ABCDEFGH,light,1,2026-02-03 13:59:47,835,2561,3,ISC,85.2,2,6,0,0,0,0,M,28,Soltero
2562,est51_135947603831,Estudiante51,Hibrido51,estudiante51@hibrido.anxitech.com,$2y$10$abcdefghijklmnopqrstuvwxyz1234567890ABCDEFGH,light,1,2026-02-03 13:59:47,836,2562,3,ISC,92.6,3,5,3,0,0,0,M,26,Soltero
2563,est52_135947606054,Estudiante52,Hibrido52,estudiante52@hibrido.anxitech.com,$2y$10$abcdefghijklmnopqrstuvwxyz1234567890ABCDEFGH,light,1,2026-02-03 13:59:47,837,2563,3,IGE,71.1,8,8,3,0,0,0,F,18,Soltero
2564,est53_135947607071,Estudiante53,Hibrido53,estudiante53@hibrido.anxitech.com,$2y$10$abcdefghijklmnopqrstuvwxyz1234567890ABCDEFGH,light,1,2026-02-03 13:59:47,838,2564,3,ISC,73.5,6,6,0,0,1,0,F,25,Soltero
2565,est54_135947609109,Estudiante54,Hibrido54,estudiante54@hibrido.anxitech.com,$2y$10$abcdefghijklmnopqrstuvwxyz1234567890ABCDEFGH,light,1,2026-02-03 13:59:47,839,2565,3,ICD,74.4,7,7,1,0,0,0,M,20,Soltero
2566,est55_135947610132,Estudiante55,Hibrido55,estudiante55@hibrido.anxitech.com,$2y$10$abcdefghijklmnopqrstuvwxyz1234567890ABCDEFGH,light,1,2026-02-03 13:59:47,840,2566,3,ISC,88.2,8,4,1,0,0,0,F,20,Soltero
2567,est56_135947611155,Estudiante56,Hibrido56,estudiante56@hibrido.anxitech.com,$2y$10$abcdefghijklmnopqrstuvwxyz1234567890ABCDEFGH,light,1,2026-02-03 13:59:47,841,2567,3,IINF,91.7,5,7,1,0,0,0,M,25,Soltero
2568,est57_135947612178,Estudiante57,Hibrido57,estudiante57@hibrido.anxitech.com,$2y$10$abcdefghijklmnopqrstuvwxyz1234567890ABCDEFGH,light,1,2026-02-03 13:59:47,842,2568,3,IINF,91.3,5,6,3,0,1,0,F,28,Soltero
2569,est58_135947614224,Estudiante58,Hibrido58,estudiante58@hibrido.anxitech.com,$2y$10$abcdefghijklmnopqrstuvwxyz1234567890ABCDEFGH,light,1,2026-02-03 13:59:47,843,2569,3,ISC,70.7,3,7,1,0,1,1,M,26,Soltero
2570,est59_135947615248,Estudiante59,Hibrido59,estudiante59@hibrido.anxitech.com,$2y$10$abcdefghijklmnopqrstuvwxyz1234567890ABCDEFGH,light,1,2026-02-03 13:59:47,844,2570,3,ICD,94.8,7,5,3,0,0,0,M,18,Soltero
2571,est60_135947616271,Estudiante60,Hibrido60,estudiante60@hibrido.anxitech.com,$2y$10$abcdefghijklmnopqrstuvwxyz1234567890ABCDEFGH,light,1,2026-02-03 13:59:47,845,2571,3,ISC,70.4,5,8,3,0,0,0,M,19,Casado
2572,est61_135947617317,Estudiante61,Hibrido61,estudiante61@hibrido.anxitech.com,$2y$10$abcdefghijklmnopqrstuvwxyz1234567890ABCDEFGH,light,1,2026-02-03 13:59:47,846,2572,3,ICD,70.5,2,7,3,0,0,0,M,25,Casado
2573,est62_135947618340,Estudiante62,Hibrido62,estudiante62@hibrido.anxitech.com,$2y$10$abcdefghijklmnopqrstuvwxyz1234567890ABCDEFGH,light,1,2026-02-03 13:59:47,847,2573,3,ISC,76.4,10,5,0,0,0,0,F,20,Soltero
2574,est63_135947619364,Estudiante63,Hibrido63,estudiante63@hibrido.anxitech.com,$2y$10$abcdefghijklmnopqrstuvwxyz1234567890ABCDEFGH,light,1,2026-02-03 13:59:47,848,2574,3,IGE,80.8,8,6,2,0,0,1,F,22,Soltero
2575,est64_135947621509,Estudiante64,Hibrido64,estudiante64@hibrido.anxitech.com,$2y$10$abcdefghijklmnopqrstuvwxyz1234567890ABCDEFGH,light,1,2026-02-03 13:59:47,849,2575,3,ICD,73.4,5,6,2,0,1,0,F,19,Soltero
2576,est65_135947622525,Estudiante65,Hibrido65,estudiante65@hibrido.anxitech.com,$2y$10$abcdefghijklmnopqrstuvwxyz1234567890ABCDEFGH,light,1,2026-02-03 13:59:47,850,2576,3,ICD,76.5,7,6,1,0,0,0,F,19,Soltero
2577,est66_135947623538,Estudiante66,Hibrido66,estudiante66@hibrido.anxitech.com,$2y$10$abcdefghijklmnopqrstuvwxyz1234567890ABCDEFGH,light,1,2026-02-03 13:59:47,851,2577,3,IGE,93.1,5,8,2,0,0,0,M,20,Casado
2578,est67_135947625677,Estudiante67,Hibrido67,estudiante67@hibrido.anxitech.com,$2y$10$abcdefghijklmnopqrstuvwxyz1234567890ABCDEFGH,light,1,2026-02-03 13:59:47,852,2578,3,IGE,73.3,5,4,3,0,1,0,M,20,Casado
2579,est68_135947626766,Estudiante68,Hibrido68,estudiante68@hibrido.anxitech.com,$2y$10$abcdefghijklmnopqrstuvwxyz1234567890ABCDEFGH,light,1,2026-02-03 13:59:47,853,2579,3,ISC,88.2,10,4,2,0,0,0,F,28,Soltero
2580,est69_135947629799,Estudiante69,Hibrido69,estudiante69@hibrido.anxitech.com,$2y$10$abcdefghijklmnopqrstuvwxyz1234567890ABCDEFGH,light,1,2026-02-03 13:59:47,854,2580,3,IINF,94.0,2,6,3,0,0,0,F,24,Casado
2581,est70_135947630800,Estudiante70,Hibrido70,estudiante70@hibrido.anxitech.com,$2y$10$abcdefghijklmnopqrstuvwxyz1234567890ABCDEFGH,light,1,2026-02-03 13:59:47,855,2581,3,IINF,71.5,4,8,3,0,0,0,M,20,Soltero
2582,est71_135947631985,Estudiante71,Hibrido71,estudiante71@hibrido.anxitech.com,$2y$10$abcdefghijklmnopqrstuvwxyz1234567890ABCDEFGH,light,1,2026-02-03 13:59:47,856,2582,3,IGE,72.7,8,5,1,0,0,0,M,21,Casado
2583,est72_135947633006,Estudiante72,Hibrido72,estudiante72@hibrido.anxitech.com,$2y$10$abcdefghijklmnopqrstuvwxyz1234567890ABCDEFGH,light,1,2026-02-03 13:59:47,857,2583,3,ICD,72.1,2,8,3,0,0,0,M,19,Soltero
2584,est73_135947635007,Estudiante73,Hibrido73,estudiante73@hibrido.anxitech.com,$2y$10$abcdefghijklmnopqrstuvwxyz1234567890ABCDEFGH,light,1,2026-02-03 13:59:47,858,2584,3,ISC,80.3,1,8,1,0,1,0,M,27,Soltero
2585,est74_135947636401,Estudiante74,Hibrido74,estudiante74@hibrido.anxitech.com,$2y$10$abcdefghijklmnopqrstuvwxyz1234567890ABCDEFGH,light,1,2026-02-03 13:59:47,859,2585,3,IINF,72.1,8,7,3,0,0,0,F,26,Soltero
2586,est75_135947637475,Estudiante75,Hibrido75,estudiante75@hibrido.anxitech.com,$2y$10$abcdefghijklmnopqrstuvwxyz1234567890ABCDEFGH,light,1,2026-02-03 13:59:47,860,2586,3,ICD,92.8,8,7,0,0,1,0,F,21,Soltero
2587,est76_135947639509,Estudiante76,Hibrido76,estudiante76@hibrido.anxitech.com,$2y$10$abcdefghijklmnopqrstuvwxyz1234567890ABCDEFGH,light,1,2026-02-03 13:59:47,861,2587,3,ISC,92.1,10,5,1,0,0,0,M,20,Soltero
2588,est77_135947640525,Estudiante77,Hibrido77,estudiante77@hibrido.anxitech.com,$2y$10$abcdefghijklmnopqrstuvwxyz1234567890ABCDEFGH,light,1,2026-02-03 13:59:47,862,2588,3,ISC,86.2,7,4,0,0,1,0,M,24,Casado
2589,est78_135947641546,Estudiante78,Hibrido78,estudiante78@hibrido.anxitech.com,$2y$10$abcdefghijklmnopqrstuvwxyz1234567890ABCDEFGH,light,1,2026-02-03 13:59:47,863,2589,3,IGE,85.4,2,8,1,0,0,0,F,18,Soltero
2590,est79_135947642569,Estudiante79,Hibrido79,estudiante79@hibrido.anxitech.com,$2y$10$abcdefghijklmnopqrstuvwxyz1234567890ABCDEFGH,light,1,2026-02-03 13:59:47,864,2590,3,ISC,72.3,9,5,0,0,0,0,M,23,Casado
2591,est80_135947643693,Estudiante80,Hibrido80,estudiante80@hibrido.anxitech.com,$2y$10$abcdefghijklmnopqrstuvwxyz1234567890ABCDEFGH,light,1,2026-02-03 13:59:47,865,2591,3,IGE,88.9,10,6,2,0,0,0,F,24,Soltero
2592,est81_135947644858,Estudiante81,Hibrido81,estudiante81@hibrido.anxitech.com,$2y$10$abcdefghijklmnopqrstuvwxyz1234567890ABCDEFGH,light,1,2026-02-03 13:59:47,866,2592,3,IINF,75.3,4,8,3,0,1,0,F,25,Casado
2593,est82_135947646907,Estudiante82,Hibrido82,estudiante82@hibrido.anxitech.com,$2y$10$abcdefghijklmnopqrstuvwxyz1234567890ABCDEFGH,light,1,2026-02-03 13:59:47,867,2593,3,ISC,79.6,6,4,1,0,0,0,F,22,Soltero
2594,est83_135947647931,Estudiante83,Hibrido83,estudiante83@hibrido.anxitech.com,$2y$10$abcdefghijklmnopqrstuvwxyz1234567890ABCDEFGH,light,1,2026-02-03 13:59:47,868,2594,3,ISC,88.5,5,8,3,0,1,1,F,21,Casado
2595,est84_135947648954,Estudiante84,Hibrido84,estudiante84@hibrido.anxitech.com,$2y$10$abcdefghijklmnopqrstuvwxyz1234567890ABCDEFGH,light,1,2026-02-03 13:59:47,869,2595,3,ICD,73.7,10,8,2,0,1,0,F,25,Soltero
2596,est85_135947649970,Estudiante85,Hibrido85,estudiante85@hibrido.anxitech.com,$2y$10$abcdefghijklmnopqrstuvwxyz1234567890ABCDEFGH,light,1,2026-02-03 13:59:47,870,2596,3,IGE,86.8,5,5,2,0,1,0,F,26,Soltero
2597,est86_135947652031,Estudiante86,Hibrido86,estudiante86@hibrido.anxitech.com,$2y$10$abcdefghijklmnopqrstuvwxyz1234567890ABCDEFGH,light,1,2026-02-03 13:59:47,871,2597,3,ISC,86.4,6,7,1,0,0,0,F,19,Soltero
2598,est87_135947653333,Estudiante87,Hibrido87,estudiante87@hibrido.anxitech.com,$2y$10$abcdefghijklmnopqrstuvwxyz1234567890ABCDEFGH,light,1,2026-02-03 13:59:47,872,2598,3,ICD,87.4,5,6,3,0,0,1,M,25,Soltero
2599,est88_135947654358,Estudiante88,Hibrido88,estudiante88@hibrido.anxitech.com,$2y$10$abcdefghijklmnopqrstuvwxyz1234567890ABCDEFGH,light,1,2026-02-03 13:59:47,873,2599,3,ISC,93.3,2,7,0,0,0,1,F,18,Soltero
2600,est89_135947656406,Estudiante89,Hibrido89,estudiante89@hibrido.anxitech.com,$2y$10$abcdefghijklmnopqrstuvwxyz1234567890ABCDEFGH,light,1,2026-02-03 13:59:47,874,2600,3,IGE,93.0,2,4,0,0,1,1,F,19,Soltero
2601,est90_135947657433,Estudiante90,Hibrido90,estudiante90@hibrido.anxitech.com,$2y$10$abcdefghijklmnopqrstuvwxyz1234567890ABCDEFGH,light,1,2026-02-03 13:59:47,875,2601,3,ISC,79.2,9,7,0,0,1,0,M,20,Soltero
2602,est91_135947658458,Estudiante91,Hibrido91,estudiante91@hibrido.anxitech.com,$2y$10$abcdefghijklmnopqrstuvwxyz1234567890ABCDEFGH,light,1,2026-02-03 13:59:47,876,2602,3,ICD,82.9,10,7,1,0,0,0,F,28,Casado
2603,est92_135947659483,Estudiante92,Hibrido92,estudiante92@hibrido.anxitech.com,$2y$10$abcdefghijklmnopqrstuvwxyz1234567890ABCDEFGH,light,1,2026-02-03 13:59:47,877,2603,3,IGE,84.3,8,5,2,0,0,0,M,26,Casado
2604,est93_135947661542,Estudiante93,Hibrido93,estudiante93@hibrido.anxitech.com,$2y$10$abcdefghijklmnopqrstuvwxyz1234567890ABCDEFGH,light,1,2026-02-03 13:59:47,878,2604,3,ICD,79.9,10,8,3,0,0,0,F,28,Soltero
2605,est94_135947662588,Estudiante94,Hibrido94,estudiante94@hibrido.anxitech.com,$2y$10$abcdefghijklmnopqrstuvwxyz1234567890ABCDEFGH,light,1,2026-02-03 13:59:47,879,2605,3,IINF,83.7,2,6,1,0,0,1,M,21,Soltero
2606,est95_135947663611,Estudiante95,Hibrido95,estudiante95@hibrido.anxitech.com,$2y$10$abcdefghijklmnopqrstuvwxyz1234567890ABCDEFGH,light,1,2026-02-03 13:59:47,880,2606,3,IINF,86.1,9,8,0,0,0,1,F,26,Soltero
2607,est96_135947665658,Estudiante96,Hibrido96,estudiante96@hibrido.anxitech.com,$2y$10$abcdefghijklmnopqrstuvwxyz1234567890ABCDEFGH,light,1,2026-02-03 13:59:47,881,2607,3,ICD,72.1,2,7,0,0,0,0,F,19,Soltero
2608,est97_135947666681,Estudiante97,Hibrido97,estudiante97@hibrido.anxitech.com,$2y$10$abcdefghijklmnopqrstuvwxyz1234567890ABCDEFGH,light,1,2026-02-03 13:59:47,882,2608,3,ISC,82.8,3,4,1,0,0,0,M,23,Soltero
2609,est98_135947667697,Estudiante98,Hibrido98,estudiante98@hibrido.anxitech.com,$2y$10$abcdefghijklmnopqrstuvwxyz1234567890ABCDEFGH,light,1,2026-02-03 13:59:47,883,2609,3,IGE,83.8,5,8,0,0,0,0,M,21,Casado
2610,est99_135947670091,Estudiante99,Hibrido99,estudiante99@hibrido.anxitech.com,$2y$10$abcdefghijklmnopqrstuvwxyz1234567890ABCDEFGH,light,1,2026-02-03 13:59:47,884,2610,3,ISC,83.8,10,7,1,0,0,0,M,27,Soltero
2611,est100_135947671114,Estudiante100,Hibrido100,estudiante100@hibrido.anxitech.com,$2y$10$abcdefghijklmnopqrstuvwxyz1234567890ABCDEFGH,light,1,2026-02-03 13:59:47,885,2611,3,IGE,86.0,2,7,0,0,1,0,M,24,Soltero
2612,est101_135947672140,Estudiante101,Hibrido101,estudiante101@hibrido.anxitech.com,$2y$10$abcdefghijklmnopqrstuvwxyz1234567890ABCDEFGH,light,1,2026-02-03 13:59:47,886,2612,3,IGE,84.3,10,6,1,0,1,1,F,21,Casado
2613,est102_135947674200,Estudiante102,Hibrido102,estudiante102@hibrido.anxitech.com,$2y$10$abcdefghijklmnopqrstuvwxyz1234567890ABCDEFGH,light,1,2026-02-03 13:59:47,887,2613,3,ICD,81.2,2,6,1,0,1,0,M,19,Soltero
2614,est103_135947675221,Estudiante103,Hibrido103,estudiante103@hibrido.anxitech.com,$2y$10$abcdefghijklmnopqrstuvwxyz1234567890ABCDEFGH,light,1,2026-02-03 13:59:47,888,2614,3,IGE,78.6,5,8,2,0,1,0,F,27,Casado
2615,est104_135947676242,Estudiante104,Hibrido104,estudiante104@hibrido.anxitech.com,$2y$10$abcdefghijklmnopqrstuvwxyz1234567890ABCDEFGH,light,1,2026-02-03 13:59:47,889,2615,3,IINF,86.0,6,5,0,0,1,0,F,21,Soltero
2616,est105_135947677286,Estudiante105,Hibrido105,estudiante105@hibrido.anxitech.com,$2y$10$abcdefghijklmnopqrstuvwxyz1234567890ABCDEFGH,light,1,2026-02-03 13:59:47,890,2616,3,ICD,94.9,5,4,0,0,0,1,F,20,Soltero
2617,est106_135947679449,Estudiante106,Hibrido106,estudiante106@hibrido.anxitech.com,$2y$10$abcdefghijklmnopqrstuvwxyz1234567890ABCDEFGH,light,1,2026-02-03 13:59:47,891,2617,3,ICD,71.3,9,7,3,0,1,0,M,28,Soltero
2618,est107_135947680467,Estudiante107,Hibrido107,estudiante107@hibrido.anxitech.com,$2y$10$abcdefghijklmnopqrstuvwxyz1234567890ABCDEFGH,light,1,2026-02-03 13:59:47,892,2618,3,IINF,94.6,9,5,2,0,0,0,F,18,Soltero
2619,est108_135947681488,Estudiante108,Hibrido108,estudiante108@hibrido.anxitech.com,$2y$10$abcdefghijklmnopqrstuvwxyz1234567890ABCDEFGH,light,1,2026-02-03 13:59:47,893,2619,3,IGE,83.9,9,7,1,0,0,0,M,21,Soltero
2620,est109_135947682512,Estudiante109,Hibrido109,estudiante109@hibrido.anxitech.com,$2y$10$abcdefghijklmnopqrstuvwxyz1234567890ABCDEFGH,light,1,2026-02-03 13:59:47,894,2620,3,IGE,92.3,6,5,1,0,0,0,M,21,Soltero
2621,est110_135947685695,Estudiante110,Hibrido110,estudiante110@hibrido.anxitech.com,$2y$10$abcdefghijklmnopqrstuvwxyz1234567890ABCDEFGH,light,1,2026-02-03 13:59:47,895,2621,3,ISC,76.6,5,7,0,0,1,0,M,28,Casado
2622,est111_135947686713,Estudiante111,Hibrido111,estudiante111@hibrido.anxitech.com,$2y$10$abcdefghijklmnopqrstuvwxyz1234567890ABCDEFGH,light,1,2026-02-03 13:59:47,896,2622,3,ISC,70.2,3,7,2,0,0,0,M,21,Soltero
2623,est112_135947688236,Estudiante112,Hibrido112,estudiante112@hibrido.anxitech.com,$2y$10$abcdefghijklmnopqrstuvwxyz1234567890ABCDEFGH,light,1,2026-02-03 13:59:47,897,2623,3,ICD,87.8,9,4,2,0,1,0,M,25,Soltero
2624,est113_135947689273,Estudiante113,Hibrido113,estudiante113@hibrido.anxitech.com,$2y$10$abcdefghijklmnopqrstuvwxyz1234567890ABCDEFGH,light,1,2026-02-03 13:59:47,898,2624,3,IGE,81.2,1,5,2,0,0,0,M,23,Casado
2625,est114_135947691335,Estudiante114,Hibrido114,estudiante114@hibrido.anxitech.com,$2y$10$abcdefghijklmnopqrstuvwxyz1234567890ABCDEFGH,light,1,2026-02-03 13:59:47,899,2625,3,IGE,86.9,8,6,1,0,1,0,M,19,Casado
2626,est115_135947692383,Estudiante115,Hibrido115,estudiante115@hibrido.anxitech.com,$2y$10$abcdefghijklmnopqrstuvwxyz1234567890ABCDEFGH,light,1,2026-02-03 13:59:47,900,2626,3,IGE,81.2,9,4,2,0,1,0,F,27,Soltero
2627,est116_135947693406,Estudiante116,Hibrido116,estudiante116@hibrido.anxitech.com,$2y$10$abcdefghijklmnopqrstuvwxyz1234567890ABCDEFGH,light,1,2026-02-03 13:59:47,901,2627,3,ICD,70.8,8,8,3,0,0,0,F,19,Soltero
2628,est117_135947694430,Estudiante117,Hibrido117,estudiante117@hibrido.anxitech.com,$2y$10$abcdefghijklmnopqrstuvwxyz1234567890ABCDEFGH,light,1,2026-02-03 13:59:47,902,2628,3,ICD,75.1,10,5,3,0,0,1,F,19,Soltero
2629,est118_135947696483,Estudiante118,Hibrido118,estudiante118@hibrido.anxitech.com,$2y$10$abcdefghijklmnopqrstuvwxyz1234567890ABCDEFGH,light,1,2026-02-03 13:59:47,903,2629,3,IINF,73.7,3,4,1,0,0,0,M,23,Soltero
2630,est119_135947697507,Estudiante119,Hibrido119,estudiante119@hibrido.anxitech.com,$2y$10$abcdefghijklmnopqrstuvwxyz1234567890ABCDEFGH,light,1,2026-02-03 13:59:47,904,2630,3,ISC,70.8,8,8,3,0,0,0,F,28,Soltero
2631,est120_135947699700,Estudiante120,Hibrido120,estudiante120@hibrido.anxitech.com,$2y$10$abcdefghijklmnopqrstuvwxyz1234567890ABCDEFGH,light,1,2026-02-03 13:59:47,905,2631,3,ISC,78.6,1,4,3,0,1,0,F,28,Soltero
2632,est121_135947701743,Estudiante121,Hibrido121,estudiante121@hibrido.anxitech.com,$2y$10$abcdefghijklmnopqrstuvwxyz1234567890ABCDEFGH,light,1,2026-02-03 13:59:47,906,2632,3,ISC,70.6,5,6,2,0,1,0,M,24,Soltero
2633,est122_135947703797,Estudiante122,Hibrido122,estudiante122@hibrido.anxitech.com,$2y$10$abcdefghijklmnopqrstuvwxyz1234567890ABCDEFGH,light,1,2026-02-03 13:59:47,907,2633,3,IINF,72.6,5,6,0,0,0,0,M,27,Soltero
2634,est123_135947704810,Estudiante123,Hibrido123,estudiante123@hibrido.anxitech.com,$2y$10$abcdefghijklmnopqrstuvwxyz1234567890ABCDEFGH,light,1,2026-02-03 13:59:47,908,2634,3,IINF,87.6,9,5,2,0,1,0,M,20,Soltero
2635,est124_135947707146,Estudiante124,Hibrido124,estudiante124@hibrido.anxitech.com,$2y$10$abcdefghijklmnopqrstuvwxyz1234567890ABCDEFGH,light,1,2026-02-03 13:59:47,909,2635,3,ISC,72.7,9,8,2,0,0,0,F,18,Soltero
2636,est125_135947708159,Estudiante125,Hibrido125,estudiante125@hibrido.anxitech.com,$2y$10$abcdefghijklmnopqrstuvwxyz1234567890ABCDEFGH,light,1,2026-02-03 13:59:47,910,2636,3,ISC,70.5,4,7,1,0,1,0,M,21,Soltero
2637,est126_135947709173,Estudiante126,Hibrido126,estudiante126@hibrido.anxitech.com,$2y$10$abcdefghijklmnopqrstuvwxyz1234567890ABCDEFGH,light,1,2026-02-03 13:59:47,911,2637,3,IINF,72.5,1,8,1,0,0,0,F,23,Soltero
2638,est127_135947710193,Estudiante127,Hibrido127,estudiante127@hibrido.anxitech.com,$2y$10$abcdefghijklmnopqrstuvwxyz1234567890ABCDEFGH,light,1,2026-02-03 13:59:47,912,2638,3,ICD,92.3,3,8,3,0,1,0,M,22,Soltero
2639,est128_135947711217,Estudiante128,Hibrido128,estudiante128@hibrido.anxitech.com,$2y$10$abcdefghijklmnopqrstuvwxyz1234567890ABCDEFGH,light,1,2026-02-03 13:59:47,913,2639,3,IINF,94.7,7,8,0,0,1,0,M,19,Casado
2640,est129_135947713263,Estudiante129,Hibrido129,estudiante129@hibrido.anxitech.com,$2y$10$abcdefghijklmnopqrstuvwxyz1234567890ABCDEFGH,light,1,2026-02-03 13:59:47,914,2640,3,ISC,91.8,10,8,0,0,0,0,F,27,Casado
2641,est130_135947715496,Estudiante130,Hibrido130,estudiante130@hibrido.anxitech.com,$2y$10$abcdefghijklmnopqrstuvwxyz1234567890ABCDEFGH,light,1,2026-02-03 13:59:47,915,2641,3,IGE,90.2,10,5,0,0,1,1,F,21,Soltero
2642,est131_135947716856,Estudiante131,Hibrido131,estudiante131@hibrido.anxitech.com,$2y$10$abcdefghijklmnopqrstuvwxyz1234567890ABCDEFGH,light,1,2026-02-03 13:59:47,916,2642,3,ISC,84.1,6,5,1,0,1,0,M,24,Soltero
2643,est132_135947717871,Estudiante132,Hibrido132,estudiante132@hibrido.anxitech.com,$2y$10$abcdefghijklmnopqrstuvwxyz1234567890ABCDEFGH,light,1,2026-02-03 13:59:47,917,2643,3,ISC,88.7,10,6,3,0,1,0,M,19,Soltero
2644,est133_135947718884,Estudiante133,Hibrido133,estudiante133@hibrido.anxitech.com,$2y$10$abcdefghijklmnopqrstuvwxyz1234567890ABCDEFGH,light,1,2026-02-03 13:59:47,918,2644,3,IINF,77.9,3,5,0,0,0,1,M,27,Soltero
2645,est134_135947719897,Estudiante134,Hibrido134,estudiante134@hibrido.anxitech.com,$2y$10$abcdefghijklmnopqrstuvwxyz1234567890ABCDEFGH,light,1,2026-02-03 13:59:47,919,2645,3,IINF,74.5,8,5,3,0,0,0,M,24,Soltero
2646,est135_135947720917,Estudiante135,Hibrido135,estudiante135@hibrido.anxitech.com,$2y$10$abcdefghijklmnopqrstuvwxyz1234567890ABCDEFGH,light,1,2026-02-03 13:59:47,920,2646,3,IINF,92.3,1,6,1,0,0,1,M,21,Soltero
2647,est136_135947722985,Estudiante136,Hibrido136,estudiante136@hibrido.anxitech.com,$2y$10$abcdefghijklmnopqrstuvwxyz1234567890ABCDEFGH,light,1,2026-02-03 13:59:47,921,2647,3,IGE,82.6,8,4,0,0,0,0,M,21,Soltero
2648,est137_135947724008,Estudiante137,Hibrido137,estudiante137@hibrido.anxitech.com,$2y$10$abcdefghijklmnopqrstuvwxyz1234567890ABCDEFGH,light,1,2026-02-03 13:59:47,922,2648,3,IGE,84.8,5,4,0,0,1,0,F,23,Soltero
2649,est138_135947725032,Estudiante138,Hibrido138,estudiante138@hibrido.anxitech.com,$2y$10$abcdefghijklmnopqrstuvwxyz1234567890ABCDEFGH,light,1,2026-02-03 13:59:47,923,2649,3,IINF,88.2,10,8,2,0,0,0,F,24,Soltero
2650,est139_135947726039,Estudiante139,Hibrido139,estudiante139@hibrido.anxitech.com,$2y$10$abcdefghijklmnopqrstuvwxyz1234567890ABCDEFGH,light,1,2026-02-03 13:59:47,924,2650,3,IGE,73.4,10,8,2,0,0,0,F,22,Soltero
2651,est140_135947727108,Estudiante140,Hibrido140,estudiante140@hibrido.anxitech.com,$2y$10$abcdefghijklmnopqrstuvwxyz1234567890ABCDEFGH,light,1,2026-02-03 13:59:47,925,2651,3,ICD,79.2,4,7,2,0,0,1,F,20,Soltero
2652,est141_135947728131,Estudiante141,Hibrido141,estudiante141@hibrido.anxitech.com,$2y$10$abcdefghijklmnopqrstuvwxyz1234567890ABCDEFGH,light,1,2026-02-03 13:59:47,926,2652,3,IGE,79.7,9,6,2,0,0,0,M,22,Soltero
2653,est142_135947730545,Estudiante142,Hibrido142,estudiante142@hibrido.anxitech.com,$2y$10$abcdefghijklmnopqrstuvwxyz1234567890ABCDEFGH,light,1,2026-02-03 13:59:47,927,2653,3,ISC,87.6,4,6,1,0,0,1,F,20,Soltero
2654,est143_135947731569,Estudiante143,Hibrido143,estudiante143@hibrido.anxitech.com,$2y$10$abcdefghijklmnopqrstuvwxyz1234567890ABCDEFGH,light,1,2026-02-03 13:59:47,928,2654,3,ICD,92.3,7,5,3,0,0,0,M,27,Soltero
2655,est144_135947733607,Estudiante144,Hibrido144,estudiante144@hibrido.anxitech.com,$2y$10$abcdefghijklmnopqrstuvwxyz1234567890ABCDEFGH,light,1,2026-02-03 13:59:47,929,2655,3,ISC,71.2,10,6,3,0,0,0,M,27,Casado
2656,est145_135947734628,Estudiante145,Hibrido145,estudiante145@hibrido.anxitech.com,$2y$10$abcdefghijklmnopqrstuvwxyz1234567890ABCDEFGH,light,1,2026-02-03 13:59:47,930,2656,3,IGE,85.0,10,6,0,0,0,1,F,25,Soltero
2657,est146_135947735659,Estudiante146,Hibrido146,estudiante146@hibrido.anxitech.com,$2y$10$abcdefghijklmnopqrstuvwxyz1234567890ABCDEFGH,light,1,2026-02-03 13:59:47,931,2657,3,IGE,90.6,9,4,2,0,0,0,F,25,Soltero
2658,est147_135947736683,Estudiante147,Hibrido147,estudiante147@hibrido.anxitech.com,$2y$10$abcdefghijklmnopqrstuvwxyz1234567890ABCDEFGH,light,1,2026-02-03 13:59:47,932,2658,3,ICD,75.1,4,4,2,0,1,0,F,26,Casado
2659,est148_135947737727,Estudiante148,Hibrido148,estudiante148@hibrido.anxitech.com,$2y$10$abcdefghijklmnopqrstuvwxyz1234567890ABCDEFGH,light,1,2026-02-03 13:59:47,933,2659,3,IINF,94.0,1,6,2,0,0,0,M,19,Casado
2660,est149_135947738751,Estudiante149,Hibrido149,estudiante149@hibrido.anxitech.com,$2y$10$abcdefghijklmnopqrstuvwxyz1234567890ABCDEFGH,light,1,2026-02-03 13:59:47,934,2660,3,IINF,70.3,1,4,0,0,0,0,M,26,Casado
2661,est150_135947740797,Estudiante150,Hibrido150,estudiante150@hibrido.anxitech.com,$2y$10$abcdefghijklmnopqrstuvwxyz1234567890ABCDEFGH,light,1,2026-02-03 13:59:47,935,2661,3,IGE,94.2,10,7,0,0,1,0,F,26,Soltero
2662,est151_135947741820,Estudiante151,Hibrido151,estudiante151@hibrido.anxitech.com,$2y$10$abcdefghijklmnopqrstuvwxyz1234567890ABCDEFGH,light,1,2026-02-03 13:59:47,936,2662,3,IGE,83.7,3,5,3,0,1,0,M,21,Casado
2663,est152_135947742830,Estudiante152,Hibrido152,estudiante152@hibrido.anxitech.com,$2y$10$abcdefghijklmnopqrstuvwxyz1234567890ABCDEFGH,light,1,2026-02-03 13:59:47,937,2663,3,IINF,84.0,2,4,3,0,1,1,M,28,Soltero
2664,est153_135947743851,Estudiante153,Hibrido153,estudiante153@hibrido.anxitech.com,$2y$10$abcdefghijklmnopqrstuvwxyz1234567890ABCDEFGH,light,1,2026-02-03 13:59:47,938,2664,3,IINF,80.8,2,5,1,0,0,0,M,24,Soltero
2665,est154_135947745960,Estudiante154,Hibrido154,estudiante154@hibrido.anxitech.com,$2y$10$abcdefghijklmnopqrstuvwxyz1234567890ABCDEFGH,light,1,2026-02-03 13:59:47,939,2665,3,IGE,92.6,1,4,0,0,0,0,F,21,Soltero
2666,est155_135947746977,Estudiante155,Hibrido155,estudiante155@hibrido.anxitech.com,$2y$10$abcdefghijklmnopqrstuvwxyz1234567890ABCDEFGH,light,1,2026-02-03 13:59:47,940,2666,3,IGE,71.4,7,6,1,0,0,0,M,25,Casado
2667,est156_135947747997,Estudiante156,Hibrido156,estudiante156@hibrido.anxitech.com,$2y$10$abcdefghijklmnopqrstuvwxyz1234567890ABCDEFGH,light,1,2026-02-03 13:59:47,941,2667,3,IGE,90.3,3,4,3,0,0,0,F,18,Soltero
2668,est157_135947750144,Estudiante157,Hibrido157,estudiante157@hibrido.anxitech.com,$2y$10$abcdefghijklmnopqrstuvwxyz1234567890ABCDEFGH,light,1,2026-02-03 13:59:47,942,2668,3,ISC,71.3,4,8,0,0,0,0,F,22,Soltero
2669,est158_135947752270,Estudiante158,Hibrido158,estudiante158@hibrido.anxitech.com,$2y$10$abcdefghijklmnopqrstuvwxyz1234567890ABCDEFGH,light,1,2026-02-03 13:59:47,943,2669,3,IGE,87.9,4,5,3,0,1,1,F,28,Soltero
2670,est159_135947754305,Estudiante159,Hibrido159,estudiante159@hibrido.anxitech.com,$2y$10$abcdefghijklmnopqrstuvwxyz1234567890ABCDEFGH,light,1,2026-02-03 13:59:47,944,2670,3,ISC,92.4,4,5,2,0,0,0,M,21,Casado
2671,est160_135947755328,Estudiante160,Hibrido160,estudiante160@hibrido.anxitech.com,$2y$10$abcdefghijklmnopqrstuvwxyz1234567890ABCDEFGH,light,1,2026-02-03 13:59:47,945,2671,3,ISC,79.0,3,8,1,0,0,1,M,24,Soltero
2672,est161_135947756351,Estudiante161,Hibrido161,estudiante161@hibrido.anxitech.com,$2y$10$abcdefghijklmnopqrstuvwxyz1234567890ABCDEFGH,light,1,2026-02-03 13:59:47,946,2672,3,IINF,92.6,10,4,3,0,1,0,F,20,Soltero
2673,est162_135947757374,Estudiante162,Hibrido162,estudiante162@hibrido.anxitech.com,$2y$10$abcdefghijklmnopqrstuvwxyz1234567890ABCDEFGH,light,1,2026-02-03 13:59:47,947,2673,3,IINF,94.2,8,8,0,0,1,0,M,26,Soltero
2674,est163_135947758398,Estudiante163,Hibrido163,estudiante163@hibrido.anxitech.com,$2y$10$abcdefghijklmnopqrstuvwxyz1234567890ABCDEFGH,light,1,2026-02-03 13:59:47,948,2674,3,ICD,79.8,4,7,2,0,0,0,M,27,Soltero
2675,est164_135947759421,Estudiante164,Hibrido164,estudiante164@hibrido.anxitech.com,$2y$10$abcdefghijklmnopqrstuvwxyz1234567890ABCDEFGH,light,1,2026-02-03 13:59:47,949,2675,3,ISC,74.7,2,8,1,0,0,1,M,22,Casado
2676,est165_135947761880,Estudiante165,Hibrido165,estudiante165@hibrido.anxitech.com,$2y$10$abcdefghijklmnopqrstuvwxyz1234567890ABCDEFGH,light,1,2026-02-03 13:59:47,950,2676,3,IGE,79.6,1,6,1,0,0,1,F,22,Soltero
2677,est166_135947763920,Estudiante166,Hibrido166,estudiante166@hibrido.anxitech.com,$2y$10$abcdefghijklmnopqrstuvwxyz1234567890ABCDEFGH,light,1,2026-02-03 13:59:47,951,2677,3,ISC,77.6,5,8,0,0,1,0,F,18,Soltero
2678,est167_135947764944,Estudiante167,Hibrido167,estudiante167@hibrido.anxitech.com,$2y$10$abcdefghijklmnopqrstuvwxyz1234567890ABCDEFGH,light,1,2026-02-03 13:59:47,952,2678,3,IINF,82.5,2,7,1,0,0,0,M,18,Soltero
2679,est168_135947768036,Estudiante168,Hibrido168,estudiante168@hibrido.anxitech.com,$2y$10$abcdefghijklmnopqrstuvwxyz1234567890ABCDEFGH,light,1,2026-02-03 13:59:47,953,2679,3,ICD,71.6,6,5,1,0,0,0,F,26,Soltero
2680,est169_135947769060,Estudiante169,Hibrido169,estudiante169@hibrido.anxitech.com,$2y$10$abcdefghijklmnopqrstuvwxyz1234567890ABCDEFGH,light,1,2026-02-03 13:59:47,954,2680,3,ICD,78.5,9,8,2,0,0,0,M,19,Soltero
2681,est170_135947771098,Estudiante170,Hibrido170,estudiante170@hibrido.anxitech.com,$2y$10$abcdefghijklmnopqrstuvwxyz1234567890ABCDEFGH,light,1,2026-02-03 13:59:47,955,2681,3,ISC,79.4,9,5,3,0,0,0,F,21,Soltero
2682,est171_135947772117,Estudiante171,Hibrido171,estudiante171@hibrido.anxitech.com,$2y$10$abcdefghijklmnopqrstuvwxyz1234567890ABCDEFGH,light,1,2026-02-03 13:59:47,956,2682,3,ISC,77.9,8,4,3,0,0,1,M,22,Soltero
2683,est172_135947773140,Estudiante172,Hibrido172,estudiante172@hibrido.anxitech.com,$2y$10$abcdefghijklmnopqrstuvwxyz1234567890ABCDEFGH,light,1,2026-02-03 13:59:47,957,2683,3,IINF,80.6,3,6,1,0,0,0,F,21,Casado
2684,est173_135947776203,Estudiante173,Hibrido173,estudiante173@hibrido.anxitech.com,$2y$10$abcdefghijklmnopqrstuvwxyz1234567890ABCDEFGH,light,1,2026-02-03 13:59:47,958,2684,3,ICD,80.3,10,7,1,0,1,0,F,18,Soltero
2685,est174_135947777402,Estudiante174,Hibrido174,estudiante174@hibrido.anxitech.com,$2y$10$abcdefghijklmnopqrstuvwxyz1234567890ABCDEFGH,light,1,2026-02-03 13:59:47,959,2685,3,ICD,89.0,8,4,2,0,0,0,M,23,Soltero
2686,est175_135947779445,Estudiante175,Hibrido175,estudiante175@hibrido.anxitech.com,$2y$10$abcdefghijklmnopqrstuvwxyz1234567890ABCDEFGH,light,1,2026-02-03 13:59:47,960,2686,3,ISC,71.0,2,4,2,0,0,1,F,18,Soltero
2687,est176_135947780467,Estudiante176,Hibrido176,estudiante176@hibrido.anxitech.com,$2y$10$abcdefghijklmnopqrstuvwxyz1234567890ABCDEFGH,light,1,2026-02-03 13:59:47,961,2687,3,IINF,94.6,8,7,3,0,0,1,F,23,Soltero
2688,est177_135947781493,Estudiante177,Hibrido177,estudiante177@hibrido.anxitech.com,$2y$10$abcdefghijklmnopqrstuvwxyz1234567890ABCDEFGH,light,1,2026-02-03 13:59:47,962,2688,3,ISC,91.1,8,5,0,0,1,0,F,20,Soltero
2689,est178_135947783551,Estudiante178,Hibrido178,estudiante178@hibrido.anxitech.com,$2y$10$abcdefghijklmnopqrstuvwxyz1234567890ABCDEFGH,light,1,2026-02-03 13:59:47,963,2689,3,IINF,89.6,5,7,1,0,0,1,M,20,Soltero
2690,est179_135947784657,Estudiante179,Hibrido179,estudiante179@hibrido.anxitech.com,$2y$10$abcdefghijklmnopqrstuvwxyz1234567890ABCDEFGH,light,1,2026-02-03 13:59:47,964,2690,3,IGE,83.0,6,7,3,0,0,1,M,25,Soltero
2691,est180_135947786717,Estudiante180,Hibrido180,estudiante180@hibrido.anxitech.com,$2y$10$abcdefghijklmnopqrstuvwxyz1234567890ABCDEFGH,light,1,2026-02-03 13:59:47,965,2691,3,ICD,91.7,8,5,1,0,0,1,F,20,Soltero
2692,est181_135947786717,Estudiante181,Hibrido181,estudiante181@hibrido.anxitech.com,$2y$10$abcdefghijklmnopqrstuvwxyz1234567890ABCDEFGH,light,1,2026-02-03 13:59:47,966,2692,3,ICD,82.7,5,7,0,0,1,0,M,28,Soltero
2693,est182_135947789273,Estudiante182,Hibrido182,estudiante182@hibrido.anxitech.com,$2y$10$abcdefghijklmnopqrstuvwxyz1234567890ABCDEFGH,light,1,2026-02-03 13:59:47,967,2693,3,ICD,74.2,1,7,1,0,1,0,F,19,Soltero
2694,est183_135947790300,Estudiante183,Hibrido183,estudiante183@hibrido.anxitech.com,$2y$10$abcdefghijklmnopqrstuvwxyz1234567890ABCDEFGH,light,1,2026-02-03 13:59:47,968,2694,3,ISC,80.4,7,8,1,0,1,0,M,19,Casado
2695,est184_135947791325,Estudiante184,Hibrido184,estudiante184@hibrido.anxitech.com,$2y$10$abcdefghijklmnopqrstuvwxyz1234567890ABCDEFGH,light,1,2026-02-03 13:59:47,969,2695,3,ISC,78.3,7,5,3,0,1,1,M,20,Soltero
2696,est185_135947793587,Estudiante185,Hibrido185,estudiante185@hibrido.anxitech.com,$2y$10$abcdefghijklmnopqrstuvwxyz1234567890ABCDEFGH,light,1,2026-02-03 13:59:47,970,2696,3,ICD,85.8,5,4,0,0,1,0,F,28,Soltero
2697,est186_135947794608,Estudiante186,Hibrido186,estudiante186@hibrido.anxitech.com,$2y$10$abcdefghijklmnopqrstuvwxyz1234567890ABCDEFGH,light,1,2026-02-03 13:59:47,971,2697,3,ICD,72.9,3,4,2,0,0,0,M,28,Casado
2698,est187_135947795634,Estudiante187,Hibrido187,estudiante187@hibrido.anxitech.com,$2y$10$abcdefghijklmnopqrstuvwxyz1234567890ABCDEFGH,light,1,2026-02-03 13:59:47,972,2698,3,ISC,84.1,2,8,1,0,0,0,M,27,Soltero
2699,est188_135947796659,Estudiante188,Hibrido188,estudiante188@hibrido.anxitech.com,$2y$10$abcdefghijklmnopqrstuvwxyz1234567890ABCDEFGH,light,1,2026-02-03 13:59:47,973,2699,3,IGE,89.2,1,6,3,0,0,0,F,25,Soltero
2700,est189_135947798731,Estudiante189,Hibrido189,estudiante189@hibrido.anxitech.com,$2y$10$abcdefghijklmnopqrstuvwxyz1234567890ABCDEFGH,light,1,2026-02-03 13:59:47,974,2700,3,IINF,70.5,4,4,0,0,0,0,M,18,Soltero
2701,est190_135947799758,Estudiante190,Hibrido190,estudiante190@hibrido.anxitech.com,$2y$10$abcdefghijklmnopqrstuvwxyz1234567890ABCDEFGH,light,1,2026-02-03 13:59:47,975,2701,3,ICD,85.2,7,8,0,0,0,0,M,20,Soltero
2702,est191_135947800775,Estudiante191,Hibrido191,estudiante191@hibrido.anxitech.com,$2y$10$abcdefghijklmnopqrstuvwxyz1234567890ABCDEFGH,light,1,2026-02-03 13:59:47,976,2702,3,ICD,93.7,4,5,0,0,1,0,F,25,Soltero
2703,est192_135947802939,Estudiante192,Hibrido192,estudiante192@hibrido.anxitech.com,$2y$10$abcdefghijklmnopqrstuvwxyz1234567890ABCDEFGH,light,1,2026-02-03 13:59:47,977,2703,3,IINF,72.3,2,7,0,0,0,0,F,23,Casado
2704,est193_135947803957,Estudiante193,Hibrido193,estudiante193@hibrido.anxitech.com,$2y$10$abcdefghijklmnopqrstuvwxyz1234567890ABCDEFGH,light,1,2026-02-03 13:59:47,978,2704,3,IINF,91.5,7,7,1,0,0,0,M,27,Soltero
2705,est194_135947804979,Estudiante194,Hibrido194,estudiante194@hibrido.anxitech.com,$2y$10$abcdefghijklmnopqrstuvwxyz1234567890ABCDEFGH,light,1,2026-02-03 13:59:47,979,2705,3,ICD,77.4,8,4,3,0,0,0,F,28,Casado
2706,est195_135947807029,Estudiante195,Hibrido195,estudiante195@hibrido.anxitech.com,$2y$10$abcdefghijklmnopqrstuvwxyz1234567890ABCDEFGH,light,1,2026-02-03 13:59:47,980,2706,3,IGE,73.7,4,5,3,0,0,0,M,18,Soltero
2707,est196_135947808170,Estudiante196,Hibrido196,estudiante196@hibrido.anxitech.com,$2y$10$abcdefghijklmnopqrstuvwxyz1234567890ABCDEFGH,light,1,2026-02-03 13:59:47,981,2707,3,ICD,94.6,5,5,2,0,0,0,F,28,Soltero
2708,est197_135947810263,Estudiante197,Hibrido197,estudiante197@hibrido.anxitech.com,$2y$10$abcdefghijklmnopqrstuvwxyz1234567890ABCDEFGH,light,1,2026-02-03 13:59:47,982,2708,3,IGE,84.3,8,7,2,0,0,1,F,25,Soltero
2709,est198_135947811287,Estudiante198,Hibrido198,estudiante198@hibrido.anxitech.com,$2y$10$abcdefghijklmnopqrstuvwxyz1234567890ABCDEFGH,light,1,2026-02-03 13:59:47,983,2709,3,IGE,73.2,8,6,1,0,0,1,M,28,Soltero
2710,est199_135947812327,Estudiante199,Hibrido199,estudiante199@hibrido.anxitech.com,$2y$10$abcdefghijklmnopqrstuvwxyz1234567890ABCDEFGH,light,1,2026-02-03 13:59:47,984,2710,3,IINF,78.1,4,6,2,0,0,0,M,28,Casado
2711,est200_135947814454,Estudiante200,Hibrido200,estudiante200@hibrido.anxitech.com,$2y$10$abcdefghijklmnopqrstuvwxyz1234567890ABCDEFGH,light,1,2026-02-03 13:59:47,985,2711,3,ICD,78.3,9,8,3,0,0,0,F,27,Soltero
2712,est201_135947815468,Estudiante201,Hibrido201,estudiante201@hibrido.anxitech.com,$2y$10$abcdefghijklmnopqrstuvwxyz1234567890ABCDEFGH,light,1,2026-02-03 13:59:47,986,2712,3,ISC,89.1,2,7,1,0,0,0,F,19,Soltero
2713,est202_135947817508,Estudiante202,Hibrido202,estudiante202@hibrido.anxitech.com,$2y$10$abcdefghijklmnopqrstuvwxyz1234567890ABCDEFGH,light,1,2026-02-03 13:59:47,987,2713,3,IGE,93.2,7,4,2,0,1,0,M,26,Soltero
2714,est203_135947818533,Estudiante203,Hibrido203,estudiante203@hibrido.anxitech.com,$2y$10$abcdefghijklmnopqrstuvwxyz1234567890ABCDEFGH,light,1,2026-02-03 13:59:47,988,2714,3,ISC,86.5,3,7,3,0,1,0,F,28,Soltero
2715,est204_135947820808,Estudiante204,Hibrido204,estudiante204@hibrido.anxitech.com,$2y$10$abcdefghijklmnopqrstuvwxyz1234567890ABCDEFGH,light,1,2026-02-03 13:59:47,989,2715,3,ICD,74.4,3,8,2,0,0,0,M,28,Soltero
2716,est205_135947821824,Estudiante205,Hibrido205,estudiante205@hibrido.anxitech.com,$2y$10$abcdefghijklmnopqrstuvwxyz1234567890ABCDEFGH,light,1,2026-02-03 13:59:47,990,2716,3,ICD,81.5,10,7,0,0,0,0,M,21,Soltero
2717,est206_135947824040,Estudiante206,Hibrido206,estudiante206@hibrido.anxitech.com,$2y$10$abcdefghijklmnopqrstuvwxyz1234567890ABCDEFGH,light,1,2026-02-03 13:59:47,991,2717,3,IINF,89.0,9,4,0,0,0,0,F,23,Soltero
2718,est207_135947825058,Estudiante207,Hibrido207,estudiante207@hibrido.anxitech.com,$2y$10$abcdefghijklmnopqrstuvwxyz1234567890ABCDEFGH,light,1,2026-02-03 13:59:47,992,2718,3,IGE,92.4,8,6,1,0,0,0,F,22,Soltero
2719,est208_135947826075,Estudiante208,Hibrido208,estudiante208@hibrido.anxitech.com,$2y$10$abcdefghijklmnopqrstuvwxyz1234567890ABCDEFGH,light,1,2026-02-03 13:59:47,993,2719,3,IGE,82.7,8,8,3,0,1,0,M,18,Soltero
2720,est209_135947827173,Estudiante209,Hibrido209,estudiante209@hibrido.anxitech.com,$2y$10$abcdefghijklmnopqrstuvwxyz1234567890ABCDEFGH,light,1,2026-02-03 13:59:47,994,2720,3,IINF,85.3,4,4,2,0,0,0,M,18,Soltero
2721,est210_135947829214,Estudiante210,Hibrido210,estudiante210@hibrido.anxitech.com,$2y$10$abcdefghijklmnopqrstuvwxyz1234567890ABCDEFGH,light,1,2026-02-03 13:59:47,995,2721,3,IINF,81.5,7,4,2,0,0,0,M,22,Soltero
2722,est211_135947830246,Estudiante211,Hibrido211,estudiante211@hibrido.anxitech.com,$2y$10$abcdefghijklmnopqrstuvwxyz1234567890ABCDEFGH,light,1,2026-02-03 13:59:47,996,2722,3,ICD,76.1,2,8,0,0,0,0,F,26,Soltero
2723,est212_135947831270,Estudiante212,Hibrido212,estudiante212@hibrido.anxitech.com,$2y$10$abcdefghijklmnopqrstuvwxyz1234567890ABCDEFGH,light,1,2026-02-03 13:59:47,997,2723,3,IGE,80.4,5,4,2,0,0,0,M,20,Soltero
2724,est213_135947833319,Estudiante213,Hibrido213,estudiante213@hibrido.anxitech.com,$2y$10$abcdefghijklmnopqrstuvwxyz1234567890ABCDEFGH,light,1,2026-02-03 13:59:47,998,2724,3,ISC,76.8,8,6,0,0,0,1,M,25,Soltero
2725,est214_135947834339,Estudiante214,Hibrido214,estudiante214@hibrido.anxitech.com,$2y$10$abcdefghijklmnopqrstuvwxyz1234567890ABCDEFGH,light,1,2026-02-03 13:59:47,999,2725,3,IGE,82.4,10,5,1,0,0,1,F,27,Soltero
2726,est215_135947835356,Estudiante215,Hibrido215,estudiante215@hibrido.anxitech.com,$2y$10$abcdefghijklmnopqrstuvwxyz1234567890ABCDEFGH,light,1,2026-02-03 13:59:47,1000,2726,3,ISC,88.4,6,7,2,0,0,0,F,21,Soltero
2727,est216_135947837399,Estudiante216,Hibrido216,estudiante216@hibrido.anxitech.com,$2y$10$abcdefghijklmnopqrstuvwxyz1234567890ABCDEFGH,light,1,2026-02-03 13:59:47,1001,2727,3,ISC,85.1,7,6,3,0,0,0,F,26,Soltero
2728,est217_135947839894,Estudiante217,Hibrido217,estudiante217@hibrido.anxitech.com,$2y$10$abcdefghijklmnopqrstuvwxyz1234567890ABCDEFGH,light,1,2026-02-03 13:59:47,1002,2728,3,IINF,72.1,6,7,0,0,1,0,M,19,Soltero
2729,est218_135947840918,Estudiante218,Hibrido218,estudiante218@hibrido.anxitech.com,$2y$10$abcdefghijklmnopqrstuvwxyz1234567890ABCDEFGH,light,1,2026-02-03 13:59:47,1003,2729,3,ISC,74.1,9,6,2,0,1,0,M,22,Soltero
2730,est219_135947842033,Estudiante219,Hibrido219,estudiante219@hibrido.anxitech.com,$2y$10$abcdefghijklmnopqrstuvwxyz1234567890ABCDEFGH,light,1,2026-02-03 13:59:47,1004,2730,3,IINF,86.0,7,8,2,0,1,0,F,28,Soltero
2731,est220_135947843059,Estudiante220,Hibrido220,estudiante220@hibrido.anxitech.com,$2y$10$abcdefghijklmnopqrstuvwxyz1234567890ABCDEFGH,light,1,2026-02-03 13:59:47,1005,2731,3,IINF,92.8,6,6,1,0,0,1,M,18,Casado
2732,est221_135947845110,Estudiante221,Hibrido221,estudiante221@hibrido.anxitech.com,$2y$10$abcdefghijklmnopqrstuvwxyz1234567890ABCDEFGH,light,1,2026-02-03 13:59:47,1006,2732,3,IGE,79.6,7,7,3,0,0,0,M,28,Soltero
2733,est222_135947846136,Estudiante222,Hibrido222,estudiante222@hibrido.anxitech.com,$2y$10$abcdefghijklmnopqrstuvwxyz1234567890ABCDEFGH,light,1,2026-02-03 13:59:47,1007,2733,3,IINF,94.0,1,5,2,0,1,0,M,19,Casado
2734,est223_135947847162,Estudiante223,Hibrido223,estudiante223@hibrido.anxitech.com,$2y$10$abcdefghijklmnopqrstuvwxyz1234567890ABCDEFGH,light,1,2026-02-03 13:59:47,1008,2734,3,ISC,93.1,6,6,0,0,0,0,F,23,Soltero
2735,est224_135947848188,Estudiante224,Hibrido224,estudiante224@hibrido.anxitech.com,$2y$10$abcdefghijklmnopqrstuvwxyz1234567890ABCDEFGH,light,1,2026-02-03 13:59:47,1009,2735,3,IGE,78.4,5,7,1,0,0,0,F,20,Casado
2736,est225_135947850241,Estudiante225,Hibrido225,estudiante225@hibrido.anxitech.com,$2y$10$abcdefghijklmnopqrstuvwxyz1234567890ABCDEFGH,light,1,2026-02-03 13:59:47,1010,2736,3,ICD,77.1,8,5,0,0,1,1,F,24,Soltero
2737,est226_135947851254,Estudiante226,Hibrido226,estudiante226@hibrido.anxitech.com,$2y$10$abcdefghijklmnopqrstuvwxyz1234567890ABCDEFGH,light,1,2026-02-03 13:59:47,1011,2737,3,ISC,83.7,5,5,1,0,1,1,F,24,Soltero
2738,est227_135947853284,Estudiante227,Hibrido227,estudiante227@hibrido.anxitech.com,$2y$10$abcdefghijklmnopqrstuvwxyz1234567890ABCDEFGH,light,1,2026-02-03 13:59:47,1012,2738,3,ISC,72.7,5,4,2,0,1,0,M,24,Soltero
2739,est228_135947854306,Estudiante228,Hibrido228,estudiante228@hibrido.anxitech.com,$2y$10$abcdefghijklmnopqrstuvwxyz1234567890ABCDEFGH,light,1,2026-02-03 13:59:47,1013,2739,3,ISC,92.3,9,5,3,0,1,1,F,23,Soltero
2740,est229_135947856792,Estudiante229,Hibrido229,estudiante229@hibrido.anxitech.com,$2y$10$abcdefghijklmnopqrstuvwxyz1234567890ABCDEFGH,light,1,2026-02-03 13:59:47,1014,2740,3,IGE,94.5,1,6,3,0,0,0,F,25,Casado
2741,est230_135947857832,Estudiante230,Hibrido230,estudiante230@hibrido.anxitech.com,$2y$10$abcdefghijklmnopqrstuvwxyz1234567890ABCDEFGH,light,1,2026-02-03 13:59:47,1015,2741,3,ISC,88.8,8,8,0,0,0,1,M,20,Soltero
2742,est231_135947858855,Estudiante231,Hibrido231,estudiante231@hibrido.anxitech.com,$2y$10$abcdefghijklmnopqrstuvwxyz1234567890ABCDEFGH,light,1,2026-02-03 13:59:47,1016,2742,3,IINF,82.1,4,7,2,0,1,0,M,19,Soltero
2743,est232_135947860954,Estudiante232,Hibrido232,estudiante232@hibrido.anxitech.com,$2y$10$abcdefghijklmnopqrstuvwxyz1234567890ABCDEFGH,light,1,2026-02-03 13:59:47,1017,2743,3,ISC,79.4,3,7,2,0,1,0,M,18,Soltero
2744,est233_135947861980,Estudiante233,Hibrido233,estudiante233@hibrido.anxitech.com,$2y$10$abcdefghijklmnopqrstuvwxyz1234567890ABCDEFGH,light,1,2026-02-03 13:59:47,1018,2744,3,ISC,87.9,8,6,3,0,0,1,F,18,Soltero
2745,est234_135947865355,Estudiante234,Hibrido234,estudiante234@hibrido.anxitech.com,$2y$10$abcdefghijklmnopqrstuvwxyz1234567890ABCDEFGH,light,1,2026-02-03 13:59:47,1019,2745,3,IINF,92.9,7,7,1,0,1,1,M,20,Soltero
2746,est235_135947866406,Estudiante235,Hibrido235,estudiante235@hibrido.anxitech.com,$2y$10$abcdefghijklmnopqrstuvwxyz1234567890ABCDEFGH,light,1,2026-02-03 13:59:47,1020,2746,3,ICD,84.2,4,6,0,0,0,0,M,19,Soltero
2747,est236_135947867422,Estudiante236,Hibrido236,estudiante236@hibrido.anxitech.com,$2y$10$abcdefghijklmnopqrstuvwxyz1234567890ABCDEFGH,light,1,2026-02-03 13:59:47,1021,2747,3,ISC,70.1,4,7,1,0,0,0,M,25,Soltero
2748,est237_135947869469,Estudiante237,Hibrido237,estudiante237@hibrido.anxitech.com,$2y$10$abcdefghijklmnopqrstuvwxyz1234567890ABCDEFGH,light,1,2026-02-03 13:59:47,1022,2748,3,IINF,84.1,4,8,0,0,0,0,M,19,Soltero
2749,est238_135947870583,Estudiante238,Hibrido238,estudiante238@hibrido.anxitech.com,$2y$10$abcdefghijklmnopqrstuvwxyz1234567890ABCDEFGH,light,1,2026-02-03 13:59:47,1023,2749,3,IGE,71.5,5,7,1,0,0,0,F,24,Casado
2750,est239_135947872641,Estudiante239,Hibrido239,estudiante239@hibrido.anxitech.com,$2y$10$abcdefghijklmnopqrstuvwxyz1234567890ABCDEFGH,light,1,2026-02-03 13:59:47,1024,2750,3,IINF,88.1,1,7,3,0,0,0,M,20,Soltero
2751,est240_135947873666,Estudiante240,Hibrido240,estudiante240@hibrido.anxitech.com,$2y$10$abcdefghijklmnopqrstuvwxyz1234567890ABCDEFGH,light,1,2026-02-03 13:59:47,1025,2751,3,IINF,93.7,7,8,2,0,1,0,F,19,Casado
2752,est241_135947875721,Estudiante241,Hibrido241,estudiante241@hibrido.anxitech.com,$2y$10$abcdefghijklmnopqrstuvwxyz1234567890ABCDEFGH,light,1,2026-02-03 13:59:47,1026,2752,3,ICD,92.6,4,6,1,0,0,0,F,26,Casado
2753,est242_135947876743,Estudiante242,Hibrido242,estudiante242@hibrido.anxitech.com,$2y$10$abcdefghijklmnopqrstuvwxyz1234567890ABCDEFGH,light,1,2026-02-03 13:59:47,1027,2753,3,IGE,92.6,10,6,1,0,0,0,M,23,Soltero
2754,est243_135947878790,Estudiante243,Hibrido243,estudiante243@hibrido.anxitech.com,$2y$10$abcdefghijklmnopqrstuvwxyz1234567890ABCDEFGH,light,1,2026-02-03 13:59:47,1028,2754,3,IGE,93.6,6,7,2,0,0,1,M,18,Soltero
2755,est244_135947879814,Estudiante244,Hibrido244,estudiante244@hibrido.anxitech.com,$2y$10$abcdefghijklmnopqrstuvwxyz1234567890ABCDEFGH,light,1,2026-02-03 13:59:47,1029,2755,3,ICD,83.7,4,4,3,0,1,0,M,26,Casado
2756,est245_135947880837,Estudiante245,Hibrido245,estudiante245@hibrido.anxitech.com,$2y$10$abcdefghijklmnopqrstuvwxyz1234567890ABCDEFGH,light,1,2026-02-03 13:59:47,1030,2756,3,ICD,76.0,2,5,2,0,0,0,M,19,Soltero
2757,est246_135947881860,Estudiante246,Hibrido246,estudiante246@hibrido.anxitech.com,$2y$10$abcdefghijklmnopqrstuvwxyz1234567890ABCDEFGH,light,1,2026-02-03 13:59:47,1031,2757,3,IINF,86.5,6,7,0,0,0,0,M,25,Soltero
2758,est247_135947882885,Estudiante247,Hibrido247,estudiante247@hibrido.anxitech.com,$2y$10$abcdefghijklmnopqrstuvwxyz1234567890ABCDEFGH,light,1,2026-02-03 13:59:47,1032,2758,3,ISC,89.0,1,7,3,0,0,0,F,24,Soltero
2759,est248_135947883905,Estudiante248,Hibrido248,estudiante248@hibrido.anxitech.com,$2y$10$abcdefghijklmnopqrstuvwxyz1234567890ABCDEFGH,light,1,2026-02-03 13:59:47,1033,2759,3,ICD,75.9,1,4,1,0,0,0,F,20,Casado
2760,est249_135947886042,Estudiante249,Hibrido249,estudiante249@hibrido.anxitech.com,$2y$10$abcdefghijklmnopqrstuvwxyz1234567890ABCDEFGH,light,1,2026-02-03 13:59:47,1034,2760,3,IGE,84.7,1,5,2,0,0,0,M,26,Soltero
2761,est250_135947887078,Estudiante250,Hibrido250,estudiante250@hibrido.anxitech.com,$2y$10$abcdefghijklmnopqrstuvwxyz1234567890ABCDEFGH,light,1,2026-02-03 13:59:47,1035,2761,3,IGE,77.8,10,7,1,0,0,0,F,24,Soltero
2762,est251_135947888350,Estudiante251,Hibrido251,estudiante251@hibrido.anxitech.com,$2y$10$abcdefghijklmnopqrstuvwxyz1234567890ABCDEFGH,light,1,2026-02-03 13:59:47,1036,2762,3,ISC,86.9,4,8,0,0,0,0,F,18,Casado
2763,est252_135947889370,Estudiante252,Hibrido252,estudiante252@hibrido.anxitech.com,$2y$10$abcdefghijklmnopqrstuvwxyz1234567890ABCDEFGH,light,1,2026-02-03 13:59:47,1037,2763,3,ISC,79.2,5,4,1,0,0,1,M,19,Soltero
2764,est253_135947890395,Estudiante253,Hibrido253,estudiante253@hibrido.anxitech.com,$2y$10$abcdefghijklmnopqrstuvwxyz1234567890ABCDEFGH,light,1,2026-02-03 13:59:47,1038,2764,3,IGE,71.0,10,8,1,0,0,0,M,25,Casado
2765,est254_135947891414,Estudiante254,Hibrido254,estudiante254@hibrido.anxitech.com,$2y$10$abcdefghijklmnopqrstuvwxyz1234567890ABCDEFGH,light,1,2026-02-03 13:59:47,1039,2765,3,ICD,77.7,10,4,3,0,0,0,F,18,Soltero
2766,est255_135947892879,Estudiante255,Hibrido255,estudiante255@hibrido.anxitech.com,$2y$10$abcdefghijklmnopqrstuvwxyz1234567890ABCDEFGH,light,1,2026-02-03 13:59:47,1040,2766,3,ISC,76.5,5,4,2,0,1,1,F,20,Soltero
2767,est256_135947893900,Estudiante256,Hibrido256,estudiante256@hibrido.anxitech.com,$2y$10$abcdefghijklmnopqrstuvwxyz1234567890ABCDEFGH,light,1,2026-02-03 13:59:47,1041,2767,3,IINF,84.8,5,4,2,0,0,0,F,18,Soltero
2768,est257_135947894923,Estudiante257,Hibrido257,estudiante257@hibrido.anxitech.com,$2y$10$abcdefghijklmnopqrstuvwxyz1234567890ABCDEFGH,light,1,2026-02-03 13:59:47,1042,2768,3,IGE,88.3,7,6,1,0,1,0,M,28,Soltero
2769,est258_135947895947,Estudiante258,Hibrido258,estudiante258@hibrido.anxitech.com,$2y$10$abcdefghijklmnopqrstuvwxyz1234567890ABCDEFGH,light,1,2026-02-03 13:59:47,1043,2769,3,ICD,94.8,5,6,0,0,0,0,F,19,Soltero
2770,est259_135947896971,Estudiante259,Hibrido259,estudiante259@hibrido.anxitech.com,$2y$10$abcdefghijklmnopqrstuvwxyz1234567890ABCDEFGH,light,1,2026-02-03 13:59:47,1044,2770,3,IINF,89.8,9,5,1,0,0,0,M,28,Soltero
2771,est260_135947897994,Estudiante260,Hibrido260,estudiante260@hibrido.anxitech.com,$2y$10$abcdefghijklmnopqrstuvwxyz1234567890ABCDEFGH,light,1,2026-02-03 13:59:47,1045,2771,3,ICD,75.7,4,6,1,0,1,0,F,28,Casado
2772,est261_135947899018,Estudiante261,Hibrido261,estudiante261@hibrido.anxitech.com,$2y$10$abcdefghijklmnopqrstuvwxyz1234567890ABCDEFGH,light,1,2026-02-03 13:59:47,1046,2772,3,ISC,87.8,8,4,0,0,0,1,F,20,Soltero
2773,est262_135947901228,Estudiante262,Hibrido262,estudiante262@hibrido.anxitech.com,$2y$10$abcdefghijklmnopqrstuvwxyz1234567890ABCDEFGH,light,1,2026-02-03 13:59:47,1047,2773,3,IINF,92.2,9,8,2,0,0,0,F,18,Casado
2774,est263_135947902258,Estudiante263,Hibrido263,estudiante263@hibrido.anxitech.com,$2y$10$abcdefghijklmnopqrstuvwxyz1234567890ABCDEFGH,light,1,2026-02-03 13:59:47,1048,2774,3,ICD,90.5,8,8,3,0,1,0,F,19,Casado
2775,est264_135947905054,Estudiante264,Hibrido264,estudiante264@hibrido.anxitech.com,$2y$10$abcdefghijklmnopqrstuvwxyz1234567890ABCDEFGH,light,1,2026-02-03 13:59:47,1049,2775,3,IINF,91.7,6,8,2,0,1,0,F,23,Soltero
2776,est265_135947906075,Estudiante265,Hibrido265,estudiante265@hibrido.anxitech.com,$2y$10$abcdefghijklmnopqrstuvwxyz1234567890ABCDEFGH,light,1,2026-02-03 13:59:47,1050,2776,3,ICD,70.1,3,7,0,0,0,0,F,21,Soltero
2777,est266_135947907107,Estudiante266,Hibrido266,estudiante266@hibrido.anxitech.com,$2y$10$abcdefghijklmnopqrstuvwxyz1234567890ABCDEFGH,light,1,2026-02-03 13:59:47,1051,2777,3,IGE,87.7,6,5,1,0,0,0,M,27,Casado
2778,est267_135947909141,Estudiante267,Hibrido267,estudiante267@hibrido.anxitech.com,$2y$10$abcdefghijklmnopqrstuvwxyz1234567890ABCDEFGH,light,1,2026-02-03 13:59:47,1052,2778,3,ISC,72.1,8,5,2,0,1,0,F,25,Soltero
2779,est268_135947910162,Estudiante268,Hibrido268,estudiante268@hibrido.anxitech.com,$2y$10$abcdefghijklmnopqrstuvwxyz1234567890ABCDEFGH,light,1,2026-02-03 13:59:47,1053,2779,3,ISC,93.9,4,8,0,0,0,1,F,28,Soltero
2780,est269_135947911185,Estudiante269,Hibrido269,estudiante269@hibrido.anxitech.com,$2y$10$abcdefghijklmnopqrstuvwxyz1234567890ABCDEFGH,light,1,2026-02-03 13:59:47,1054,2780,3,ISC,84.1,6,5,1,0,1,1,M,19,Soltero
2781,est270_135947913231,Estudiante270,Hibrido270,estudiante270@hibrido.anxitech.com,$2y$10$abcdefghijklmnopqrstuvwxyz1234567890ABCDEFGH,light,1,2026-02-03 13:59:47,1055,2781,3,ICD,75.5,9,6,0,0,1,0,M,28,Soltero
2782,est271_135947914254,Estudiante271,Hibrido271,estudiante271@hibrido.anxitech.com,$2y$10$abcdefghijklmnopqrstuvwxyz1234567890ABCDEFGH,light,1,2026-02-03 13:59:47,1056,2782,3,IGE,81.7,2,6,3,0,0,0,F,18,Casado
2783,est272_135947915267,Estudiante272,Hibrido272,estudiante272@hibrido.anxitech.com,$2y$10$abcdefghijklmnopqrstuvwxyz1234567890ABCDEFGH,light,1,2026-02-03 13:59:47,1057,2783,3,ISC,78.6,10,4,0,0,0,1,F,26,Soltero
2784,est273_135947916629,Estudiante273,Hibrido273,estudiante273@hibrido.anxitech.com,$2y$10$abcdefghijklmnopqrstuvwxyz1234567890ABCDEFGH,light,1,2026-02-03 13:59:47,1058,2784,3,ISC,76.7,2,8,0,0,1,0,F,26,Soltero
2785,est274_135947918832,Estudiante274,Hibrido274,estudiante274@hibrido.anxitech.com,$2y$10$abcdefghijklmnopqrstuvwxyz1234567890ABCDEFGH,light,1,2026-02-03 13:59:47,1059,2785,3,IINF,83.2,4,8,0,0,1,0,F,27,Soltero
2786,est275_135947919853,Estudiante275,Hibrido275,estudiante275@hibrido.anxitech.com,$2y$10$abcdefghijklmnopqrstuvwxyz1234567890ABCDEFGH,light,1,2026-02-03 13:59:47,1060,2786,3,ICD,91.3,9,5,2,0,0,0,F,28,Casado
2787,est276_135947920876,Estudiante276,Hibrido276,estudiante276@hibrido.anxitech.com,$2y$10$abcdefghijklmnopqrstuvwxyz1234567890ABCDEFGH,light,1,2026-02-03 13:59:47,1061,2787,3,ICD,87.1,3,7,2,0,0,0,M,25,Soltero
2788,est277_135947921899,Estudiante277,Hibrido277,estudiante277@hibrido.anxitech.com,$2y$10$abcdefghijklmnopqrstuvwxyz1234567890ABCDEFGH,light,1,2026-02-03 13:59:47,1062,2788,3,IGE,79.3,2,8,1,0,0,0,F,19,Soltero
2789,est278_135947922923,Estudiante278,Hibrido278,estudiante278@hibrido.anxitech.com,$2y$10$abcdefghijklmnopqrstuvwxyz1234567890ABCDEFGH,light,1,2026-02-03 13:59:47,1063,2789,3,ISC,88.6,1,7,2,0,1,1,F,23,Soltero
2790,est279_135947923946,Estudiante279,Hibrido279,estudiante279@hibrido.anxitech.com,$2y$10$abcdefghijklmnopqrstuvwxyz1234567890ABCDEFGH,light,1,2026-02-03 13:59:47,1064,2790,3,IGE,71.9,7,7,1,0,0,0,F,21,Soltero
2791,est280_135947925993,Estudiante280,Hibrido280,estudiante280@hibrido.anxitech.com,$2y$10$abcdefghijklmnopqrstuvwxyz1234567890ABCDEFGH,light,1,2026-02-03 13:59:47,1065,2791,3,IINF,82.5,4,6,1,0,0,0,M,18,Soltero
2792,est281_135947927009,Estudiante281,Hibrido281,estudiante281@hibrido.anxitech.com,$2y$10$abcdefghijklmnopqrstuvwxyz1234567890ABCDEFGH,light,1,2026-02-03 13:59:47,1066,2792,3,ICD,90.9,4,4,2,0,0,0,M,18,Soltero
2793,est282_135947928149,Estudiante282,Hibrido282,estudiante282@hibrido.anxitech.com,$2y$10$abcdefghijklmnopqrstuvwxyz1234567890ABCDEFGH,light,1,2026-02-03 13:59:47,1067,2793,3,ICD,93.2,2,6,1,0,0,0,F,25,Soltero
2794,est283_135947929170,Estudiante283,Hibrido283,estudiante283@hibrido.anxitech.com,$2y$10$abcdefghijklmnopqrstuvwxyz1234567890ABCDEFGH,light,1,2026-02-03 13:59:47,1068,2794,3,ICD,91.9,3,6,2,0,1,0,M,27,Soltero
2795,est284_135947930193,Estudiante284,Hibrido284,estudiante284@hibrido.anxitech.com,$2y$10$abcdefghijklmnopqrstuvwxyz1234567890ABCDEFGH,light,1,2026-02-03 13:59:47,1069,2795,3,ICD,77.2,10,6,2,0,0,1,F,26,Soltero
2796,est285_135947932416,Estudiante285,Hibrido285,estudiante285@hibrido.anxitech.com,$2y$10$abcdefghijklmnopqrstuvwxyz1234567890ABCDEFGH,light,1,2026-02-03 13:59:47,1070,2796,3,IGE,75.0,10,5,1,0,0,1,M,28,Casado
2797,est286_135947933437,Estudiante286,Hibrido286,estudiante286@hibrido.anxitech.com,$2y$10$abcdefghijklmnopqrstuvwxyz1234567890ABCDEFGH,light,1,2026-02-03 13:59:47,1071,2797,3,ICD,80.9,6,4,2,0,1,0,F,21,Soltero
2798,est287_135947934461,Estudiante287,Hibrido287,estudiante287@hibrido.anxitech.com,$2y$10$abcdefghijklmnopqrstuvwxyz1234567890ABCDEFGH,light,1,2026-02-03 13:59:47,1072,2798,3,IGE,78.0,5,5,0,0,1,0,F,26,Soltero
2799,est288_135947935497,Estudiante288,Hibrido288,estudiante288@hibrido.anxitech.com,$2y$10$abcdefghijklmnopqrstuvwxyz1234567890ABCDEFGH,light,1,2026-02-03 13:59:47,1073,2799,3,IINF,84.3,10,8,3,0,0,1,M,26,Soltero
2800,est289_135947936526,Estudiante289,Hibrido289,estudiante289@hibrido.anxitech.com,$2y$10$abcdefghijklmnopqrstuvwxyz1234567890ABCDEFGH,light,1,2026-02-03 13:59:47,1074,2800,3,ICD,85.2,10,5,1,0,1,0,M,21,Casado
2801,est290_135947937550,Estudiante290,Hibrido290,estudiante290@hibrido.anxitech.com,$2y$10$abcdefghijklmnopqrstuvwxyz1234567890ABCDEFGH,light,1,2026-02-03 13:59:47,1075,2801,3,ICD,84.5,3,7,3,0,1,0,M,26,Soltero
2802,est291_135947939603,Estudiante291,Hibrido291,estudiante291@hibrido.anxitech.com,$2y$10$abcdefghijklmnopqrstuvwxyz1234567890ABCDEFGH,light,1,2026-02-03 13:59:47,1076,2802,3,ISC,94.1,1,5,0,0,0,1,F,20,Soltero
2803,est292_135947940627,Estudiante292,Hibrido292,estudiante292@hibrido.anxitech.com,$2y$10$abcdefghijklmnopqrstuvwxyz1234567890ABCDEFGH,light,1,2026-02-03 13:59:47,1077,2803,3,ISC,79.9,2,8,3,0,1,0,F,21,Casado
2804,est293_135947941651,Estudiante293,Hibrido293,estudiante293@hibrido.anxitech.com,$2y$10$abcdefghijklmnopqrstuvwxyz1234567890ABCDEFGH,light,1,2026-02-03 13:59:47,1078,2804,3,IGE,82.2,10,5,2,0,0,0,F,27,Soltero
2805,est294_135947942674,Estudiante294,Hibrido294,estudiante294@hibrido.anxitech.com,$2y$10$abcdefghijklmnopqrstuvwxyz1234567890ABCDEFGH,light,1,2026-02-03 13:59:47,1079,2805,3,IINF,77.4,8,7,3,0,0,0,M,23,Soltero
2806,est295_135947944729,Estudiante295,Hibrido295,estudiante295@hibrido.anxitech.com,$2y$10$abcdefghijklmnopqrstuvwxyz1234567890ABCDEFGH,light,1,2026-02-03 13:59:47,1080,2806,3,IINF,73.9,3,4,3,0,0,1,M,19,Soltero
2807,est296_135947945752,Estudiante296,Hibrido296,estudiante296@hibrido.anxitech.com,$2y$10$abcdefghijklmnopqrstuvwxyz1234567890ABCDEFGH,light,1,2026-02-03 13:59:47,1081,2807,3,ISC,87.0,6,6,1,0,0,1,M,22,Soltero
2808,est297_135947947961,Estudiante297,Hibrido297,estudiante297@hibrido.anxitech.com,$2y$10$abcdefghijklmnopqrstuvwxyz1234567890ABCDEFGH,light,1,2026-02-03 13:59:47,1082,2808,3,ISC,73.3,8,6,0,0,0,0,F,28,Soltero
2809,est298_135947949983,Estudiante298,Hibrido298,estudiante298@hibrido.anxitech.com,$2y$10$abcdefghijklmnopqrstuvwxyz1234567890ABCDEFGH,light,1,2026-02-03 13:59:47,1083,2809,3,ISC,80.8,8,4,3,0,0,0,M,19,Casado
2810,est299_135947952096,Estudiante299,Hibrido299,estudiante299@hibrido.anxitech.com,$2y$10$abcdefghijklmnopqrstuvwxyz1234567890ABCDEFGH,light,1,2026-02-03 13:59:47,1084,2810,3,IGE,92.5,8,4,0,0,1,0,F,26,Soltero
2811,est300_135947953158,Estudiante300,Hibrido300,estudiante300@hibrido.anxitech.com,$2y$10$abcdefghijklmnopqrstuvwxyz1234567890ABCDEFGH,light,1,2026-02-03 13:59:47,1085,2811,3,ISC,87.1,10,5,2,0,0,0,M,26,Soltero
2812,est301_135947955200,Estudiante301,Hibrido301,estudiante301@hibrido.anxitech.com,$2y$10$abcdefghijklmnopqrstuvwxyz1234567890ABCDEFGH,light,1,2026-02-03 13:59:47,1086,2812,3,ISC,89.5,8,8,2,0,0,1,M,27,Soltero
2813,est302_135947956341,Estudiante302,Hibrido302,estudiante302@hibrido.anxitech.com,$2y$10$abcdefghijklmnopqrstuvwxyz1234567890ABCDEFGH,light,1,2026-02-03 13:59:47,1087,2813,3,ISC,74.3,5,6,0,0,0,0,F,22,Soltero
2814,est303_135947957345,Estudiante303,Hibrido303,estudiante303@hibrido.anxitech.com,$2y$10$abcdefghijklmnopqrstuvwxyz1234567890ABCDEFGH,light,1,2026-02-03 13:59:47,1088,2814,3,IGE,70.9,4,5,2,0,0,0,F,28,Casado
2815,est304_135947959352,Estudiante304,Hibrido304,estudiante304@hibrido.anxitech.com,$2y$10$abcdefghijklmnopqrstuvwxyz1234567890ABCDEFGH,light,1,2026-02-03 13:59:47,1089,2815,3,IGE,75.1,1,8,3,0,0,0,F,21,Soltero
2816,est305_135947960356,Estudiante305,Hibrido305,estudiante305@hibrido.anxitech.com,$2y$10$abcdefghijklmnopqrstuvwxyz1234567890ABCDEFGH,light,1,2026-02-03 13:59:47,1090,2816,3,ISC,78.4,8,6,0,0,0,0,M,28,Soltero
2817,est306_135947961360,Estudiante306,Hibrido306,estudiante306@hibrido.anxitech.com,$2y$10$abcdefghijklmnopqrstuvwxyz1234567890ABCDEFGH,light,1,2026-02-03 13:59:47,1091,2817,3,IINF,78.7,9,7,0,0,0,1,F,21,Casado
2818,est307_135947963686,Estudiante307,Hibrido307,estudiante307@hibrido.anxitech.com,$2y$10$abcdefghijklmnopqrstuvwxyz1234567890ABCDEFGH,light,1,2026-02-03 13:59:47,1092,2818,3,IINF,79.9,7,5,1,0,0,0,F,25,Soltero
2819,est308_135947964699,Estudiante308,Hibrido308,estudiante308@hibrido.anxitech.com,$2y$10$abcdefghijklmnopqrstuvwxyz1234567890ABCDEFGH,light,1,2026-02-03 13:59:47,1093,2819,3,IGE,84.1,7,6,1,0,0,0,F,26,Soltero
2820,est309_135947966749,Estudiante309,Hibrido309,estudiante309@hibrido.anxitech.com,$2y$10$abcdefghijklmnopqrstuvwxyz1234567890ABCDEFGH,light,1,2026-02-03 13:59:47,1094,2820,3,IGE,78.7,3,8,1,0,0,0,F,22,Soltero
2821,est310_135947967754,Estudiante310,Hibrido310,estudiante310@hibrido.anxitech.com,$2y$10$abcdefghijklmnopqrstuvwxyz1234567890ABCDEFGH,light,1,2026-02-03 13:59:47,1095,2821,3,ISC,85.2,10,6,3,0,0,1,M,21,Casado
2822,est311_135947969933,Estudiante311,Hibrido311,estudiante311@hibrido.anxitech.com,$2y$10$abcdefghijklmnopqrstuvwxyz1234567890ABCDEFGH,light,1,2026-02-03 13:59:47,1096,2822,3,IGE,91.2,5,5,3,0,1,0,F,20,Soltero
2823,est312_135947970948,Estudiante312,Hibrido312,estudiante312@hibrido.anxitech.com,$2y$10$abcdefghijklmnopqrstuvwxyz1234567890ABCDEFGH,light,1,2026-02-03 13:59:47,1097,2823,3,ICD,90.4,3,5,3,0,1,0,M,27,Soltero
2824,est313_135947971965,Estudiante313,Hibrido313,estudiante313@hibrido.anxitech.com,$2y$10$abcdefghijklmnopqrstuvwxyz1234567890ABCDEFGH,light,1,2026-02-03 13:59:47,1098,2824,3,ICD,94.9,3,6,2,0,0,0,M,22,Soltero
2825,est314_135947972990,Estudiante314,Hibrido314,estudiante314@hibrido.anxitech.com,$2y$10$abcdefghijklmnopqrstuvwxyz1234567890ABCDEFGH,light,1,2026-02-03 13:59:47,1099,2825,3,IINF,74.1,10,4,3,0,0,1,M,26,Soltero
2826,est315_135947974016,Estudiante315,Hibrido315,estudiante315@hibrido.anxitech.com,$2y$10$abcdefghijklmnopqrstuvwxyz1234567890ABCDEFGH,light,1,2026-02-03 13:59:47,1100,2826,3,IGE,73.5,8,7,2,0,0,0,F,23,Soltero
2827,est316_135947976062,Estudiante316,Hibrido316,estudiante316@hibrido.anxitech.com,$2y$10$abcdefghijklmnopqrstuvwxyz1234567890ABCDEFGH,light,1,2026-02-03 13:59:47,1101,2827,3,IGE,84.9,4,5,0,0,0,0,M,24,Soltero
2828,est317_135947977108,Estudiante317,Hibrido317,estudiante317@hibrido.anxitech.com,$2y$10$abcdefghijklmnopqrstuvwxyz1234567890ABCDEFGH,light,1,2026-02-03 13:59:47,1102,2828,3,ISC,90.6,9,5,1,0,0,0,F,20,Casado
2829,est318_135947978132,Estudiante318,Hibrido318,estudiante318@hibrido.anxitech.com,$2y$10$abcdefghijklmnopqrstuvwxyz1234567890ABCDEFGH,light,1,2026-02-03 13:59:47,1103,2829,3,IGE,80.6,4,6,3,0,1,0,F,19,Casado
2830,est319_135947980384,Estudiante319,Hibrido319,estudiante319@hibrido.anxitech.com,$2y$10$abcdefghijklmnopqrstuvwxyz1234567890ABCDEFGH,light,1,2026-02-03 13:59:47,1104,2830,3,ICD,83.3,5,6,2,0,0,0,F,19,Soltero
2831,est320_135947981418,Estudiante320,Hibrido320,estudiante320@hibrido.anxitech.com,$2y$10$abcdefghijklmnopqrstuvwxyz1234567890ABCDEFGH,light,1,2026-02-03 13:59:47,1105,2831,3,IGE,94.5,8,6,1,0,1,0,F,25,Casado
2832,est321_135947985142,Estudiante321,Hibrido321,estudiante321@hibrido.anxitech.com,$2y$10$abcdefghijklmnopqrstuvwxyz1234567890ABCDEFGH,light,1,2026-02-03 13:59:47,1106,2832,3,ICD,87.2,4,5,2,0,0,0,M,26,Soltero
2833,est322_135947987150,Estudiante322,Hibrido322,estudiante322@hibrido.anxitech.com,$2y$10$abcdefghijklmnopqrstuvwxyz1234567890ABCDEFGH,light,1,2026-02-03 13:59:47,1107,2833,3,IINF,77.5,7,4,1,0,0,0,F,23,Soltero
2834,est323_135947988150,Estudiante323,Hibrido323,estudiante323@hibrido.anxitech.com,$2y$10$abcdefghijklmnopqrstuvwxyz1234567890ABCDEFGH,light,1,2026-02-03 13:59:47,1108,2834,3,ISC,85.7,4,5,3,0,0,1,M,25,Soltero
2835,est324_135947990466,Estudiante324,Hibrido324,estudiante324@hibrido.anxitech.com,$2y$10$abcdefghijklmnopqrstuvwxyz1234567890ABCDEFGH,light,1,2026-02-03 13:59:47,1109,2835,3,IGE,82.6,4,8,3,0,0,0,M,23,Soltero
2836,est325_135947991559,Estudiante325,Hibrido325,estudiante325@hibrido.anxitech.com,$2y$10$abcdefghijklmnopqrstuvwxyz1234567890ABCDEFGH,light,1,2026-02-03 13:59:47,1110,2836,3,ICD,76.6,5,4,1,0,0,0,F,20,Soltero
2837,est326_135947992612,Estudiante326,Hibrido326,estudiante326@hibrido.anxitech.com,$2y$10$abcdefghijklmnopqrstuvwxyz1234567890ABCDEFGH,light,1,2026-02-03 13:59:47,1111,2837,3,IINF,91.7,1,8,3,0,0,0,F,25,Soltero
2838,est327_135947994722,Estudiante327,Hibrido327,estudiante327@hibrido.anxitech.com,$2y$10$abcdefghijklmnopqrstuvwxyz1234567890ABCDEFGH,light,1,2026-02-03 13:59:47,1112,2838,3,IINF,82.1,2,7,2,0,0,1,F,23,Soltero
2839,est328_135947995919,Estudiante328,Hibrido328,estudiante328@hibrido.anxitech.com,$2y$10$abcdefghijklmnopqrstuvwxyz1234567890ABCDEFGH,light,1,2026-02-03 13:59:47,1113,2839,3,IGE,79.7,9,4,0,0,0,0,M,26,Casado
2840,est329_135947997989,Estudiante329,Hibrido329,estudiante329@hibrido.anxitech.com,$2y$10$abcdefghijklmnopqrstuvwxyz1234567890ABCDEFGH,light,1,2026-02-03 13:59:47,1114,2840,3,ISC,89.4,7,8,0,0,0,0,M,23,Casado
2841,est330_135947999998,Estudiante330,Hibrido330,estudiante330@hibrido.anxitech.com,$2y$10$abcdefghijklmnopqrstuvwxyz1234567890ABCDEFGH,light,1,2026-02-03 13:59:48,1115,2841,3,ICD,90.0,3,6,3,0,0,0,F,19,Soltero
2842,est331_135948001002,Estudiante331,Hibrido331,estudiante331@hibrido.anxitech.com,$2y$10$abcdefghijklmnopqrstuvwxyz1234567890ABCDEFGH,light,1,2026-02-03 13:59:48,1116,2842,3,ISC,80.0,4,4,1,0,1,0,M,24,Casado
2843,est332_135948002007,Estudiante332,Hibrido332,estudiante332@hibrido.anxitech.com,$2y$10$abcdefghijklmnopqrstuvwxyz1234567890ABCDEFGH,light,1,2026-02-03 13:59:48,1117,2843,3,IGE,91.9,3,6,2,0,0,0,M,27,Soltero
2844,est333_135948003012,Estudiante333,Hibrido333,estudiante333@hibrido.anxitech.com,$2y$10$abcdefghijklmnopqrstuvwxyz1234567890ABCDEFGH,light,1,2026-02-03 13:59:48,1118,2844,3,IINF,71.8,3,4,2,0,0,0,F,20,Soltero
2845,est334_135948004017,Estudiante334,Hibrido334,estudiante334@hibrido.anxitech.com,$2y$10$abcdefghijklmnopqrstuvwxyz1234567890ABCDEFGH,light,1,2026-02-03 13:59:48,1119,2845,3,ICD,72.6,9,4,1,0,0,1,F,18,Soltero
2846,est335_135948006044,Estudiante335,Hibrido335,estudiante335@hibrido.anxitech.com,$2y$10$abcdefghijklmnopqrstuvwxyz1234567890ABCDEFGH,light,1,2026-02-03 13:59:48,1120,2846,3,ICD,81.0,6,5,1,0,0,0,M,18,Soltero
2847,est336_135948007090,Estudiante336,Hibrido336,estudiante336@hibrido.anxitech.com,$2y$10$abcdefghijklmnopqrstuvwxyz1234567890ABCDEFGH,light,1,2026-02-03 13:59:48,1121,2847,3,ICD,90.1,7,6,3,0,0,0,M,18,Soltero
2848,est337_135948008114,Estudiante337,Hibrido337,estudiante337@hibrido.anxitech.com,$2y$10$abcdefghijklmnopqrstuvwxyz1234567890ABCDEFGH,light,1,2026-02-03 13:59:48,1122,2848,3,ICD,71.8,6,6,3,0,1,0,F,26,Soltero
2849,est338_135948009137,Estudiante338,Hibrido338,estudiante338@hibrido.anxitech.com,$2y$10$abcdefghijklmnopqrstuvwxyz1234567890ABCDEFGH,light,1,2026-02-03 13:59:48,1123,2849,3,ICD,93.7,3,8,1,0,1,0,F,18,Casado
2850,est339_135948010208,Estudiante339,Hibrido339,estudiante339@hibrido.anxitech.com,$2y$10$abcdefghijklmnopqrstuvwxyz1234567890ABCDEFGH,light,1,2026-02-03 13:59:48,1124,2850,3,IGE,80.5,1,6,0,0,1,0,M,27,Soltero
2851,est340_135948012253,Estudiante340,Hibrido340,estudiante340@hibrido.anxitech.com,$2y$10$abcdefghijklmnopqrstuvwxyz1234567890ABCDEFGH,light,1,2026-02-03 13:59:48,1125,2851,3,ICD,92.9,4,6,0,0,0,1,M,20,Casado
2852,est341_135948013276,Estudiante341,Hibrido341,estudiante341@hibrido.anxitech.com,$2y$10$abcdefghijklmnopqrstuvwxyz1234567890ABCDEFGH,light,1,2026-02-03 13:59:48,1126,2852,3,IGE,84.4,3,5,1,0,1,0,F,19,Soltero
2853,est342_135948015326,Estudiante342,Hibrido342,estudiante342@hibrido.anxitech.com,$2y$10$abcdefghijklmnopqrstuvwxyz1234567890ABCDEFGH,light,1,2026-02-03 13:59:48,1127,2853,3,IGE,80.3,7,4,3,0,0,1,M,21,Soltero
2854,est343_135948016378,Estudiante343,Hibrido343,estudiante343@hibrido.anxitech.com,$2y$10$abcdefghijklmnopqrstuvwxyz1234567890ABCDEFGH,light,1,2026-02-03 13:59:48,1128,2854,3,ISC,89.6,6,8,1,0,1,0,F,21,Soltero
2855,est344_135948017399,Estudiante344,Hibrido344,estudiante344@hibrido.anxitech.com,$2y$10$abcdefghijklmnopqrstuvwxyz1234567890ABCDEFGH,light,1,2026-02-03 13:59:48,1129,2855,3,ISC,78.9,9,5,3,0,0,0,F,19,Casado
2856,est345_135948019446,Estudiante345,Hibrido345,estudiante345@hibrido.anxitech.com,$2y$10$abcdefghijklmnopqrstuvwxyz1234567890ABCDEFGH,light,1,2026-02-03 13:59:48,1130,2856,3,ISC,76.1,5,8,2,0,0,0,M,23,Soltero
2857,est346_135948020469,Estudiante346,Hibrido346,estudiante346@hibrido.anxitech.com,$2y$10$abcdefghijklmnopqrstuvwxyz1234567890ABCDEFGH,light,1,2026-02-03 13:59:48,1131,2857,3,IINF,70.7,8,4,0,0,1,0,F,18,Soltero
2858,est347_135948021492,Estudiante347,Hibrido347,estudiante347@hibrido.anxitech.com,$2y$10$abcdefghijklmnopqrstuvwxyz1234567890ABCDEFGH,light,1,2026-02-03 13:59:48,1132,2858,3,ICD,85.4,1,8,2,0,0,1,F,24,Soltero
2859,est348_135948022537,Estudiante348,Hibrido348,estudiante348@hibrido.anxitech.com,$2y$10$abcdefghijklmnopqrstuvwxyz1234567890ABCDEFGH,light,1,2026-02-03 13:59:48,1133,2859,3,ICD,79.1,6,7,1,0,0,0,M,19,Soltero
2860,est349_135948023561,Estudiante349,Hibrido349,estudiante349@hibrido.anxitech.com,$2y$10$abcdefghijklmnopqrstuvwxyz1234567890ABCDEFGH,light,1,2026-02-03 13:59:48,1134,2860,3,ISC,91.5,1,4,1,0,1,0,M,22,Soltero
2861,est350_135948024584,Estudiante350,Hibrido350,estudiante350@hibrido.anxitech.com,$2y$10$abcdefghijklmnopqrstuvwxyz1234567890ABCDEFGH,light,1,2026-02-03 13:59:48,1135,2861,3,ISC,75.6,8,6,2,0,1,1,M,24,Soltero
2862,est351_135948026936,Estudiante351,Hibrido351,estudiante351@hibrido.anxitech.com,$2y$10$abcdefghijklmnopqrstuvwxyz1234567890ABCDEFGH,light,1,2026-02-03 13:59:48,1136,2862,3,IGE,82.8,6,4,2,0,0,1,F,28,Soltero
2863,est352_135948027950,Estudiante352,Hibrido352,estudiante352@hibrido.anxitech.com,$2y$10$abcdefghijklmnopqrstuvwxyz1234567890ABCDEFGH,light,1,2026-02-03 13:59:48,1137,2863,3,ISC,75.4,8,6,3,0,1,0,M,20,Soltero
2864,est353_135948028972,Estudiante353,Hibrido353,estudiante353@hibrido.anxitech.com,$2y$10$abcdefghijklmnopqrstuvwxyz1234567890ABCDEFGH,light,1,2026-02-03 13:59:48,1138,2864,3,IINF,88.8,3,5,0,0,0,0,F,19,Soltero
2865,est354_135948029995,Estudiante354,Hibrido354,estudiante354@hibrido.anxitech.com,$2y$10$abcdefghijklmnopqrstuvwxyz1234567890ABCDEFGH,light,1,2026-02-03 13:59:48,1139,2865,3,ISC,82.9,3,8,0,0,0,0,M,28,Soltero
2866,est355_135948031019,Estudiante355,Hibrido355,estudiante355@hibrido.anxitech.com,$2y$10$abcdefghijklmnopqrstuvwxyz1234567890ABCDEFGH,light,1,2026-02-03 13:59:48,1140,2866,3,ICD,74.9,8,7,0,0,0,1,F,20,Soltero
2867,est356_135948033068,Estudiante356,Hibrido356,estudiante356@hibrido.anxitech.com,$2y$10$abcdefghijklmnopqrstuvwxyz1234567890ABCDEFGH,light,1,2026-02-03 13:59:48,1141,2867,3,ISC,79.4,9,5,2,0,1,0,F,18,Soltero
2868,est357_135948034087,Estudiante357,Hibrido357,estudiante357@hibrido.anxitech.com,$2y$10$abcdefghijklmnopqrstuvwxyz1234567890ABCDEFGH,light,1,2026-02-03 13:59:48,1142,2868,3,ISC,74.1,7,6,3,0,0,0,F,23,Soltero
2869,est358_135948035108,Estudiante358,Hibrido358,estudiante358@hibrido.anxitech.com,$2y$10$abcdefghijklmnopqrstuvwxyz1234567890ABCDEFGH,light,1,2026-02-03 13:59:48,1143,2869,3,ISC,89.9,1,5,1,0,0,0,M,20,Casado
2870,est359_135948037176,Estudiante359,Hibrido359,estudiante359@hibrido.anxitech.com,$2y$10$abcdefghijklmnopqrstuvwxyz1234567890ABCDEFGH,light,1,2026-02-03 13:59:48,1144,2870,3,ICD,85.0,9,4,2,0,0,0,M,25,Soltero
2871,est360_135948038199,Estudiante360,Hibrido360,estudiante360@hibrido.anxitech.com,$2y$10$abcdefghijklmnopqrstuvwxyz1234567890ABCDEFGH,light,1,2026-02-03 13:59:48,1145,2871,3,ICD,90.6,3,5,3,0,0,0,M,21,Soltero
2872,est361_135948039223,Estudiante361,Hibrido361,estudiante361@hibrido.anxitech.com,$2y$10$abcdefghijklmnopqrstuvwxyz1234567890ABCDEFGH,light,1,2026-02-03 13:59:48,1146,2872,3,ICD,87.7,8,6,0,0,1,0,M,19,Soltero
2873,est362_135948041418,Estudiante362,Hibrido362,estudiante362@hibrido.anxitech.com,$2y$10$abcdefghijklmnopqrstuvwxyz1234567890ABCDEFGH,light,1,2026-02-03 13:59:48,1147,2873,3,ICD,71.7,7,7,1,0,0,0,F,24,Soltero
2874,est363_135948042421,Estudiante363,Hibrido363,estudiante363@hibrido.anxitech.com,$2y$10$abcdefghijklmnopqrstuvwxyz1234567890ABCDEFGH,light,1,2026-02-03 13:59:48,1148,2874,3,ICD,90.0,5,5,0,0,0,0,M,27,Casado
2875,est364_135948044547,Estudiante364,Hibrido364,estudiante364@hibrido.anxitech.com,$2y$10$abcdefghijklmnopqrstuvwxyz1234567890ABCDEFGH,light,1,2026-02-03 13:59:48,1149,2875,3,ISC,89.5,5,8,3,0,0,1,F,28,Soltero
2876,est365_135948046565,Estudiante365,Hibrido365,estudiante365@hibrido.anxitech.com,$2y$10$abcdefghijklmnopqrstuvwxyz1234567890ABCDEFGH,light,1,2026-02-03 13:59:48,1150,2876,3,ISC,81.6,9,6,3,0,0,0,M,23,Soltero
2877,est366_135948047749,Estudiante366,Hibrido366,estudiante366@hibrido.anxitech.com,$2y$10$abcdefghijklmnopqrstuvwxyz1234567890ABCDEFGH,light,1,2026-02-03 13:59:48,1151,2877,3,IGE,75.1,4,5,3,0,1,0,M,21,Casado
2878,est367_135948048753,Estudiante367,Hibrido367,estudiante367@hibrido.anxitech.com,$2y$10$abcdefghijklmnopqrstuvwxyz1234567890ABCDEFGH,light,1,2026-02-03 13:59:48,1152,2878,3,ICD,84.1,1,6,3,0,1,0,M,28,Casado
2879,est368_135948050779,Estudiante368,Hibrido368,estudiante368@hibrido.anxitech.com,$2y$10$abcdefghijklmnopqrstuvwxyz1234567890ABCDEFGH,light,1,2026-02-03 13:59:48,1153,2879,3,IINF,78.2,10,6,1,0,0,0,M,18,Soltero
2880,est369_135948052826,Estudiante369,Hibrido369,estudiante369@hibrido.anxitech.com,$2y$10$abcdefghijklmnopqrstuvwxyz1234567890ABCDEFGH,light,1,2026-02-03 13:59:48,1154,2880,3,ICD,93.7,8,4,0,0,0,0,M,26,Soltero
2881,est370_135948053831,Estudiante370,Hibrido370,estudiante370@hibrido.anxitech.com,$2y$10$abcdefghijklmnopqrstuvwxyz1234567890ABCDEFGH,light,1,2026-02-03 13:59:48,1155,2881,3,ISC,85.6,7,8,1,0,1,0,F,27,Soltero
2882,est371_135948054835,Estudiante371,Hibrido371,estudiante371@hibrido.anxitech.com,$2y$10$abcdefghijklmnopqrstuvwxyz1234567890ABCDEFGH,light,1,2026-02-03 13:59:48,1156,2882,3,IGE,80.5,5,5,3,0,0,1,M,19,Soltero
2883,est372_135948057324,Estudiante372,Hibrido372,estudiante372@hibrido.anxitech.com,$2y$10$abcdefghijklmnopqrstuvwxyz1234567890ABCDEFGH,light,1,2026-02-03 13:59:48,1157,2883,3,ISC,85.8,2,8,0,0,0,0,M,27,Soltero
2884,est373_135948058328,Estudiante373,Hibrido373,estudiante373@hibrido.anxitech.com,$2y$10$abcdefghijklmnopqrstuvwxyz1234567890ABCDEFGH,light,1,2026-02-03 13:59:48,1158,2884,3,ISC,84.6,1,5,1,0,0,0,M,22,Soltero
2885,est374_135948059332,Estudiante374,Hibrido374,estudiante374@hibrido.anxitech.com,$2y$10$abcdefghijklmnopqrstuvwxyz1234567890ABCDEFGH,light,1,2026-02-03 13:59:48,1159,2885,3,ICD,83.9,4,4,0,0,0,0,F,25,Soltero
2886,est375_135948061341,Estudiante375,Hibrido375,estudiante375@hibrido.anxitech.com,$2y$10$abcdefghijklmnopqrstuvwxyz1234567890ABCDEFGH,light,1,2026-02-03 13:59:48,1160,2886,3,ISC,85.2,3,7,0,0,0,0,M,25,Soltero
2887,est376_135948062360,Estudiante376,Hibrido376,estudiante376@hibrido.anxitech.com,$2y$10$abcdefghijklmnopqrstuvwxyz1234567890ABCDEFGH,light,1,2026-02-03 13:59:48,1161,2887,3,ICD,73.3,6,8,3,0,0,1,F,25,Soltero
2888,est377_135948063384,Estudiante377,Hibrido377,estudiante377@hibrido.anxitech.com,$2y$10$abcdefghijklmnopqrstuvwxyz1234567890ABCDEFGH,light,1,2026-02-03 13:59:48,1162,2888,3,ISC,86.1,10,6,3,0,0,0,M,27,Casado
2889,est378_135948064408,Estudiante378,Hibrido378,estudiante378@hibrido.anxitech.com,$2y$10$abcdefghijklmnopqrstuvwxyz1234567890ABCDEFGH,light,1,2026-02-03 13:59:48,1163,2889,3,ISC,79.8,9,4,0,0,0,0,M,20,Soltero
2890,est379_135948065416,Estudiante379,Hibrido379,estudiante379@hibrido.anxitech.com,$2y$10$abcdefghijklmnopqrstuvwxyz1234567890ABCDEFGH,light,1,2026-02-03 13:59:48,1164,2890,3,IGE,83.5,4,8,0,0,0,0,F,19,Soltero
2891,est380_135948067490,Estudiante380,Hibrido380,estudiante380@hibrido.anxitech.com,$2y$10$abcdefghijklmnopqrstuvwxyz1234567890ABCDEFGH,light,1,2026-02-03 13:59:48,1165,2891,3,ICD,72.4,8,8,3,0,0,0,F,24,Soltero
2892,est381_135948068522,Estudiante381,Hibrido381,estudiante381@hibrido.anxitech.com,$2y$10$abcdefghijklmnopqrstuvwxyz1234567890ABCDEFGH,light,1,2026-02-03 13:59:48,1166,2892,3,IINF,90.8,2,6,0,0,1,0,M,27,Soltero
2893,est382_135948069546,Estudiante382,Hibrido382,estudiante382@hibrido.anxitech.com,$2y$10$abcdefghijklmnopqrstuvwxyz1234567890ABCDEFGH,light,1,2026-02-03 13:59:48,1167,2893,3,ISC,83.0,9,8,0,0,0,0,M,21,Soltero
2894,est383_135948070569,Estudiante383,Hibrido383,estudiante383@hibrido.anxitech.com,$2y$10$abcdefghijklmnopqrstuvwxyz1234567890ABCDEFGH,light,1,2026-02-03 13:59:48,1168,2894,3,ISC,80.2,10,6,2,0,1,0,M,22,Soltero
2895,est384_135948072790,Estudiante384,Hibrido384,estudiante384@hibrido.anxitech.com,$2y$10$abcdefghijklmnopqrstuvwxyz1234567890ABCDEFGH,light,1,2026-02-03 13:59:48,1169,2895,3,ISC,70.2,6,8,3,0,0,0,M,20,Soltero
2896,est385_135948073806,Estudiante385,Hibrido385,estudiante385@hibrido.anxitech.com,$2y$10$abcdefghijklmnopqrstuvwxyz1234567890ABCDEFGH,light,1,2026-02-03 13:59:48,1170,2896,3,ICD,86.6,4,6,2,0,0,0,M,26,Soltero
2897,est386_135948074828,Estudiante386,Hibrido386,estudiante386@hibrido.anxitech.com,$2y$10$abcdefghijklmnopqrstuvwxyz1234567890ABCDEFGH,light,1,2026-02-03 13:59:48,1171,2897,3,ISC,70.3,2,4,0,0,1,0,F,23,Soltero
2898,est387_135948076881,Estudiante387,Hibrido387,estudiante387@hibrido.anxitech.com,$2y$10$abcdefghijklmnopqrstuvwxyz1234567890ABCDEFGH,light,1,2026-02-03 13:59:48,1172,2898,3,ISC,76.6,8,8,0,0,0,0,M,25,Casado
2899,est388_135948077908,Estudiante388,Hibrido388,estudiante388@hibrido.anxitech.com,$2y$10$abcdefghijklmnopqrstuvwxyz1234567890ABCDEFGH,light,1,2026-02-03 13:59:48,1173,2899,3,IINF,83.2,6,5,3,0,1,0,M,19,Soltero
2900,est389_135948078935,Estudiante389,Hibrido389,estudiante389@hibrido.anxitech.com,$2y$10$abcdefghijklmnopqrstuvwxyz1234567890ABCDEFGH,light,1,2026-02-03 13:59:48,1174,2900,3,ICD,94.1,4,6,0,0,0,0,F,28,Soltero
2901,est390_135948079962,Estudiante390,Hibrido390,estudiante390@hibrido.anxitech.com,$2y$10$abcdefghijklmnopqrstuvwxyz1234567890ABCDEFGH,light,1,2026-02-03 13:59:48,1175,2901,3,IGE,82.5,1,6,2,0,0,1,M,18,Casado
2902,est391_135948082022,Estudiante391,Hibrido391,estudiante391@hibrido.anxitech.com,$2y$10$abcdefghijklmnopqrstuvwxyz1234567890ABCDEFGH,light,1,2026-02-03 13:59:48,1176,2902,3,IGE,70.6,4,7,3,0,0,0,M,19,Soltero
2903,est392_135948083139,Estudiante392,Hibrido392,estudiante392@hibrido.anxitech.com,$2y$10$abcdefghijklmnopqrstuvwxyz1234567890ABCDEFGH,light,1,2026-02-03 13:59:48,1177,2903,3,IGE,71.7,8,7,2,0,0,0,F,26,Soltero
2904,est393_135948084153,Estudiante393,Hibrido393,estudiante393@hibrido.anxitech.com,$2y$10$abcdefghijklmnopqrstuvwxyz1234567890ABCDEFGH,light,1,2026-02-03 13:59:48,1178,2904,3,IGE,85.3,4,7,2,0,0,0,M,27,Soltero
2905,est394_135948086176,Estudiante394,Hibrido394,estudiante394@hibrido.anxitech.com,$2y$10$abcdefghijklmnopqrstuvwxyz1234567890ABCDEFGH,light,1,2026-02-03 13:59:48,1179,2905,3,IGE,80.0,4,6,3,0,0,0,F,23,Soltero
2906,est395_135948087192,Estudiante395,Hibrido395,estudiante395@hibrido.anxitech.com,$2y$10$abcdefghijklmnopqrstuvwxyz1234567890ABCDEFGH,light,1,2026-02-03 13:59:48,1180,2906,3,IINF,84.6,9,5,3,0,1,0,M,18,Soltero
2907,est396_135948088694,Estudiante396,Hibrido396,estudiante396@hibrido.anxitech.com,$2y$10$abcdefghijklmnopqrstuvwxyz1234567890ABCDEFGH,light,1,2026-02-03 13:59:48,1181,2907,3,IINF,76.3,2,7,1,0,0,0,M,19,Casado
2908,est397_135948089713,Estudiante397,Hibrido397,estudiante397@hibrido.anxitech.com,$2y$10$abcdefghijklmnopqrstuvwxyz1234567890ABCDEFGH,light,1,2026-02-03 13:59:48,1182,2908,3,IINF,73.9,6,7,0,0,0,0,F,26,Soltero
2909,est398_135948090737,Estudiante398,Hibrido398,estudiante398@hibrido.anxitech.com,$2y$10$abcdefghijklmnopqrstuvwxyz1234567890ABCDEFGH,light,1,2026-02-03 13:59:48,1183,2909,3,IINF,83.8,7,8,2,0,0,0,M,21,Casado
2910,est399_135948092783,Estudiante399,Hibrido399,estudiante399@hibrido.anxitech.com,$2y$10$abcdefghijklmnopqrstuvwxyz1234567890ABCDEFGH,light,1,2026-02-03 13:59:48,1184,2910,3,IINF,81.4,7,7,3,0,1,0,M,24,Casado
2911,est400_135948093806,Estudiante400,Hibrido400,estudiante400@hibrido.anxitech.com,$2y$10$abcdefghijklmnopqrstuvwxyz1234567890ABCDEFGH,light,1,2026-02-03 13:59:48,1185,2911,3,ICD,87.3,6,7,3,0,0,0,F,25,Soltero
2912,est401_135948094831,Estudiante401,Hibrido401,estudiante401@hibrido.anxitech.com,$2y$10$abcdefghijklmnopqrstuvwxyz1234567890ABCDEFGH,light,1,2026-02-03 13:59:48,1186,2912,3,IGE,87.3,2,7,0,0,1,0,M,25,Soltero
2913,est402_135948095855,Estudiante402,Hibrido402,estudiante402@hibrido.anxitech.com,$2y$10$abcdefghijklmnopqrstuvwxyz1234567890ABCDEFGH,light,1,2026-02-03 13:59:48,1187,2913,3,ISC,84.0,8,8,1,0,0,0,F,26,Soltero
2914,est403_135948096892,Estudiante403,Hibrido403,estudiante403@hibrido.anxitech.com,$2y$10$abcdefghijklmnopqrstuvwxyz1234567890ABCDEFGH,light,1,2026-02-03 13:59:48,1188,2914,3,IINF,76.3,5,5,1,0,0,1,F,28,Soltero
2915,est404_135948098936,Estudiante404,Hibrido404,estudiante404@hibrido.anxitech.com,$2y$10$abcdefghijklmnopqrstuvwxyz1234567890ABCDEFGH,light,1,2026-02-03 13:59:48,1189,2915,3,ISC,86.4,2,4,2,0,0,0,M,20,Soltero
2916,est405_135948099960,Estudiante405,Hibrido405,estudiante405@hibrido.anxitech.com,$2y$10$abcdefghijklmnopqrstuvwxyz1234567890ABCDEFGH,light,1,2026-02-03 13:59:48,1190,2916,3,IINF,93.5,4,7,1,0,0,0,F,18,Soltero
2917,est406_135948100992,Estudiante406,Hibrido406,estudiante406@hibrido.anxitech.com,$2y$10$abcdefghijklmnopqrstuvwxyz1234567890ABCDEFGH,light,1,2026-02-03 13:59:48,1191,2917,3,IGE,72.4,1,8,0,0,1,0,M,25,Casado
2918,est407_135948102016,Estudiante407,Hibrido407,estudiante407@hibrido.anxitech.com,$2y$10$abcdefghijklmnopqrstuvwxyz1234567890ABCDEFGH,light,1,2026-02-03 13:59:48,1192,2918,3,IGE,91.8,2,8,1,0,1,1,F,24,Soltero
2919,est408_135948104411,Estudiante408,Hibrido408,estudiante408@hibrido.anxitech.com,$2y$10$abcdefghijklmnopqrstuvwxyz1234567890ABCDEFGH,light,1,2026-02-03 13:59:48,1193,2919,3,IGE,85.7,4,8,3,0,0,0,F,20,Soltero
2920,est409_135948106434,Estudiante409,Hibrido409,estudiante409@hibrido.anxitech.com,$2y$10$abcdefghijklmnopqrstuvwxyz1234567890ABCDEFGH,light,1,2026-02-03 13:59:48,1194,2920,3,IINF,89.9,3,7,1,0,0,1,M,19,Soltero
2921,est410_135948107450,Estudiante410,Hibrido410,estudiante410@hibrido.anxitech.com,$2y$10$abcdefghijklmnopqrstuvwxyz1234567890ABCDEFGH,light,1,2026-02-03 13:59:48,1195,2921,3,IINF,87.7,7,4,3,0,1,1,F,22,Soltero
2922,est411_135948109491,Estudiante411,Hibrido411,estudiante411@hibrido.anxitech.com,$2y$10$abcdefghijklmnopqrstuvwxyz1234567890ABCDEFGH,light,1,2026-02-03 13:59:48,1196,2922,3,ISC,82.2,4,7,2,0,1,0,M,20,Soltero
2923,est412_135948110522,Estudiante412,Hibrido412,estudiante412@hibrido.anxitech.com,$2y$10$abcdefghijklmnopqrstuvwxyz1234567890ABCDEFGH,light,1,2026-02-03 13:59:48,1197,2923,3,ICD,83.1,4,8,0,0,0,0,M,28,Soltero
2924,est413_135948111539,Estudiante413,Hibrido413,estudiante413@hibrido.anxitech.com,$2y$10$abcdefghijklmnopqrstuvwxyz1234567890ABCDEFGH,light,1,2026-02-03 13:59:48,1198,2924,3,ICD,86.2,8,6,2,0,1,0,M,21,Soltero
2925,est414_135948113597,Estudiante414,Hibrido414,estudiante414@hibrido.anxitech.com,$2y$10$abcdefghijklmnopqrstuvwxyz1234567890ABCDEFGH,light,1,2026-02-03 13:59:48,1199,2925,3,IGE,73.5,2,6,1,0,1,0,M,28,Soltero
2926,est415_135948114620,Estudiante415,Hibrido415,estudiante415@hibrido.anxitech.com,$2y$10$abcdefghijklmnopqrstuvwxyz1234567890ABCDEFGH,light,1,2026-02-03 13:59:48,1200,2926,3,ICD,94.1,3,5,3,0,0,0,M,26,Soltero
2927,est416_135948116654,Estudiante416,Hibrido416,estudiante416@hibrido.anxitech.com,$2y$10$abcdefghijklmnopqrstuvwxyz1234567890ABCDEFGH,light,1,2026-02-03 13:59:48,1201,2927,3,ISC,92.0,9,7,1,0,0,1,F,24,Soltero
2928,est417_135948117668,Estudiante417,Hibrido417,estudiante417@hibrido.anxitech.com,$2y$10$abcdefghijklmnopqrstuvwxyz1234567890ABCDEFGH,light,1,2026-02-03 13:59:48,1202,2928,3,ISC,94.0,1,7,0,0,1,1,F,20,Soltero
2929,est418_135948119764,Estudiante418,Hibrido418,estudiante418@hibrido.anxitech.com,$2y$10$abcdefghijklmnopqrstuvwxyz1234567890ABCDEFGH,light,1,2026-02-03 13:59:48,1203,2929,3,ISC,73.3,6,6,0,0,0,0,M,20,Soltero
2930,est419_135948120778,Estudiante419,Hibrido419,estudiante419@hibrido.anxitech.com,$2y$10$abcdefghijklmnopqrstuvwxyz1234567890ABCDEFGH,light,1,2026-02-03 13:59:48,1204,2930,3,IGE,82.0,8,4,1,0,0,1,M,24,Soltero
2931,est420_135948121804,Estudiante420,Hibrido420,estudiante420@hibrido.anxitech.com,$2y$10$abcdefghijklmnopqrstuvwxyz1234567890ABCDEFGH,light,1,2026-02-03 13:59:48,1205,2931,3,IINF,85.3,9,5,1,0,0,0,F,28,Casado
2932,est421_135948122827,Estudiante421,Hibrido421,estudiante421@hibrido.anxitech.com,$2y$10$abcdefghijklmnopqrstuvwxyz1234567890ABCDEFGH,light,1,2026-02-03 13:59:48,1206,2932,3,ICD,74.2,8,6,0,0,1,0,F,28,Soltero
2933,est422_135948123851,Estudiante422,Hibrido422,estudiante422@hibrido.anxitech.com,$2y$10$abcdefghijklmnopqrstuvwxyz1234567890ABCDEFGH,light,1,2026-02-03 13:59:48,1207,2933,3,ICD,71.3,6,8,3,0,0,0,M,19,Soltero
2934,est423_135948125898,Estudiante423,Hibrido423,estudiante423@hibrido.anxitech.com,$2y$10$abcdefghijklmnopqrstuvwxyz1234567890ABCDEFGH,light,1,2026-02-03 13:59:48,1208,2934,3,ICD,70.4,10,8,3,0,0,0,M,20,Soltero
2935,est424_135948126943,Estudiante424,Hibrido424,estudiante424@hibrido.anxitech.com,$2y$10$abcdefghijklmnopqrstuvwxyz1234567890ABCDEFGH,light,1,2026-02-03 13:59:48,1209,2935,3,ISC,82.0,1,5,1,0,0,0,F,26,Casado
2936,est425_135948127967,Estudiante425,Hibrido425,estudiante425@hibrido.anxitech.com,$2y$10$abcdefghijklmnopqrstuvwxyz1234567890ABCDEFGH,light,1,2026-02-03 13:59:48,1210,2936,3,ISC,83.9,10,4,1,0,0,0,M,18,Soltero
2937,est426_135948128990,Estudiante426,Hibrido426,estudiante426@hibrido.anxitech.com,$2y$10$abcdefghijklmnopqrstuvwxyz1234567890ABCDEFGH,light,1,2026-02-03 13:59:48,1211,2937,3,IINF,81.2,5,5,3,0,0,1,M,22,Soltero
2938,est427_135948130014,Estudiante427,Hibrido427,estudiante427@hibrido.anxitech.com,$2y$10$abcdefghijklmnopqrstuvwxyz1234567890ABCDEFGH,light,1,2026-02-03 13:59:48,1212,2938,3,ISC,84.4,6,4,0,0,1,0,M,19,Casado
2939,est428_135948131038,Estudiante428,Hibrido428,estudiante428@hibrido.anxitech.com,$2y$10$abcdefghijklmnopqrstuvwxyz1234567890ABCDEFGH,light,1,2026-02-03 13:59:48,1213,2939,3,ISC,92.2,10,7,3,0,0,0,F,18,Soltero
2940,est429_135948133105,Estudiante429,Hibrido429,estudiante429@hibrido.anxitech.com,$2y$10$abcdefghijklmnopqrstuvwxyz1234567890ABCDEFGH,light,1,2026-02-03 13:59:48,1214,2940,3,ICD,88.1,5,7,0,0,1,0,M,25,Soltero
2941,est430_135948134128,Estudiante430,Hibrido430,estudiante430@hibrido.anxitech.com,$2y$10$abcdefghijklmnopqrstuvwxyz1234567890ABCDEFGH,light,1,2026-02-03 13:59:48,1215,2941,3,ISC,93.8,6,8,0,0,0,0,M,25,Soltero
2942,est431_135948135220,Estudiante431,Hibrido431,estudiante431@hibrido.anxitech.com,$2y$10$abcdefghijklmnopqrstuvwxyz1234567890ABCDEFGH,light,1,2026-02-03 13:59:48,1216,2942,3,IINF,76.6,6,8,0,0,0,1,F,28,Soltero
2943,est432_135948137255,Estudiante432,Hibrido432,estudiante432@hibrido.anxitech.com,$2y$10$abcdefghijklmnopqrstuvwxyz1234567890ABCDEFGH,light,1,2026-02-03 13:59:48,1217,2943,3,IINF,93.9,8,4,2,0,0,0,M,25,Soltero
2944,est433_135948138278,Estudiante433,Hibrido433,estudiante433@hibrido.anxitech.com,$2y$10$abcdefghijklmnopqrstuvwxyz1234567890ABCDEFGH,light,1,2026-02-03 13:59:48,1218,2944,3,IINF,72.2,3,7,2,0,0,0,F,18,Soltero
2945,est434_135948140343,Estudiante434,Hibrido434,estudiante434@hibrido.anxitech.com,$2y$10$abcdefghijklmnopqrstuvwxyz1234567890ABCDEFGH,light,1,2026-02-03 13:59:48,1219,2945,3,IGE,73.3,4,5,1,0,1,0,F,22,Soltero
2946,est435_135948141363,Estudiante435,Hibrido435,estudiante435@hibrido.anxitech.com,$2y$10$abcdefghijklmnopqrstuvwxyz1234567890ABCDEFGH,light,1,2026-02-03 13:59:48,1220,2946,3,IINF,93.1,8,4,1,0,0,1,F,21,Soltero
2947,est436_135948142407,Estudiante436,Hibrido436,estudiante436@hibrido.anxitech.com,$2y$10$abcdefghijklmnopqrstuvwxyz1234567890ABCDEFGH,light,1,2026-02-03 13:59:48,1221,2947,3,ICD,80.5,6,8,0,0,0,1,F,28,Soltero
2948,est437_135948143431,Estudiante437,Hibrido437,estudiante437@hibrido.anxitech.com,$2y$10$abcdefghijklmnopqrstuvwxyz1234567890ABCDEFGH,light,1,2026-02-03 13:59:48,1222,2948,3,IINF,92.3,4,4,0,0,1,0,M,19,Soltero
2949,est438_135948144454,Estudiante438,Hibrido438,estudiante438@hibrido.anxitech.com,$2y$10$abcdefghijklmnopqrstuvwxyz1234567890ABCDEFGH,light,1,2026-02-03 13:59:48,1223,2949,3,ISC,73.3,10,6,0,0,0,1,F,26,Soltero
2950,est439_135948145478,Estudiante439,Hibrido439,estudiante439@hibrido.anxitech.com,$2y$10$abcdefghijklmnopqrstuvwxyz1234567890ABCDEFGH,light,1,2026-02-03 13:59:48,1224,2950,3,ISC,76.8,7,5,0,0,0,0,M,23,Soltero
2951,est440_135948147524,Estudiante440,Hibrido440,estudiante440@hibrido.anxitech.com,$2y$10$abcdefghijklmnopqrstuvwxyz1234567890ABCDEFGH,light,1,2026-02-03 13:59:48,1225,2951,3,IINF,87.0,9,5,3,0,1,0,F,23,Soltero
2952,est441_135948148536,Estudiante441,Hibrido441,estudiante441@hibrido.anxitech.com,$2y$10$abcdefghijklmnopqrstuvwxyz1234567890ABCDEFGH,light,1,2026-02-03 13:59:48,1226,2952,3,IGE,93.0,7,7,0,0,1,1,M,28,Soltero
2953,est442_135948149554,Estudiante442,Hibrido442,estudiante442@hibrido.anxitech.com,$2y$10$abcdefghijklmnopqrstuvwxyz1234567890ABCDEFGH,light,1,2026-02-03 13:59:48,1227,2953,3,ICD,94.8,3,6,3,0,0,0,F,23,Soltero
2954,est443_135948150870,Estudiante443,Hibrido443,estudiante443@hibrido.anxitech.com,$2y$10$abcdefghijklmnopqrstuvwxyz1234567890ABCDEFGH,light,1,2026-02-03 13:59:48,1228,2954,3,IGE,77.9,1,6,2,0,0,1,M,18,Soltero
2955,est444_135948152913,Estudiante444,Hibrido444,estudiante444@hibrido.anxitech.com,$2y$10$abcdefghijklmnopqrstuvwxyz1234567890ABCDEFGH,light,1,2026-02-03 13:59:48,1229,2955,3,ISC,83.0,7,8,2,0,0,0,F,23,Soltero
2956,est445_135948153937,Estudiante445,Hibrido445,estudiante445@hibrido.anxitech.com,$2y$10$abcdefghijklmnopqrstuvwxyz1234567890ABCDEFGH,light,1,2026-02-03 13:59:48,1230,2956,3,ISC,78.2,10,7,3,0,0,0,F,23,Soltero
2957,est446_135948154968,Estudiante446,Hibrido446,estudiante446@hibrido.anxitech.com,$2y$10$abcdefghijklmnopqrstuvwxyz1234567890ABCDEFGH,light,1,2026-02-03 13:59:48,1231,2957,3,ICD,90.9,2,8,1,0,0,0,M,18,Soltero
2958,est447_135948157047,Estudiante447,Hibrido447,estudiante447@hibrido.anxitech.com,$2y$10$abcdefghijklmnopqrstuvwxyz1234567890ABCDEFGH,light,1,2026-02-03 13:59:48,1232,2958,3,IINF,91.2,10,7,2,0,0,0,F,25,Soltero
2959,est448_135948158069,Estudiante448,Hibrido448,estudiante448@hibrido.anxitech.com,$2y$10$abcdefghijklmnopqrstuvwxyz1234567890ABCDEFGH,light,1,2026-02-03 13:59:48,1233,2959,3,IINF,79.2,3,4,1,0,0,0,M,25,Soltero
2960,est449_135948159092,Estudiante449,Hibrido449,estudiante449@hibrido.anxitech.com,$2y$10$abcdefghijklmnopqrstuvwxyz1234567890ABCDEFGH,light,1,2026-02-03 13:59:48,1234,2960,3,IGE,93.5,4,8,1,0,0,0,M,26,Soltero
2961,est450_135948160115,Estudiante450,Hibrido450,estudiante450@hibrido.anxitech.com,$2y$10$abcdefghijklmnopqrstuvwxyz1234567890ABCDEFGH,light,1,2026-02-03 13:59:48,1235,2961,3,IGE,87.5,6,5,3,0,1,1,M,22,Soltero
2962,est451_135948162146,Estudiante451,Hibrido451,estudiante451@hibrido.anxitech.com,$2y$10$abcdefghijklmnopqrstuvwxyz1234567890ABCDEFGH,light,1,2026-02-03 13:59:48,1236,2962,3,ICD,70.7,10,8,3,0,0,1,M,22,Casado
2963,est452_135948163205,Estudiante452,Hibrido452,estudiante452@hibrido.anxitech.com,$2y$10$abcdefghijklmnopqrstuvwxyz1234567890ABCDEFGH,light,1,2026-02-03 13:59:48,1237,2963,3,IINF,83.9,8,5,3,0,1,0,M,21,Soltero
2964,est453_135948164229,Estudiante453,Hibrido453,estudiante453@hibrido.anxitech.com,$2y$10$abcdefghijklmnopqrstuvwxyz1234567890ABCDEFGH,light,1,2026-02-03 13:59:48,1238,2964,3,IGE,94.4,4,7,2,0,0,0,M,23,Soltero
2965,est454_135948166239,Estudiante454,Hibrido454,estudiante454@hibrido.anxitech.com,$2y$10$abcdefghijklmnopqrstuvwxyz1234567890ABCDEFGH,light,1,2026-02-03 13:59:48,1239,2965,3,ISC,90.0,8,4,2,0,0,1,F,28,Soltero
2966,est455_135948167238,Estudiante455,Hibrido455,estudiante455@hibrido.anxitech.com,$2y$10$abcdefghijklmnopqrstuvwxyz1234567890ABCDEFGH,light,1,2026-02-03 13:59:48,1240,2966,3,ISC,88.0,7,6,2,0,0,0,M,26,Casado
2967,est456_135948169237,Estudiante456,Hibrido456,estudiante456@hibrido.anxitech.com,$2y$10$abcdefghijklmnopqrstuvwxyz1234567890ABCDEFGH,light,1,2026-02-03 13:59:48,1241,2967,3,IGE,77.1,7,6,0,0,1,0,M,23,Casado
2968,est457_135948170240,Estudiante457,Hibrido457,estudiante457@hibrido.anxitech.com,$2y$10$abcdefghijklmnopqrstuvwxyz1234567890ABCDEFGH,light,1,2026-02-03 13:59:48,1242,2968,3,IINF,78.4,8,7,2,0,0,0,M,25,Soltero
2969,est458_135948172238,Estudiante458,Hibrido458,estudiante458@hibrido.anxitech.com,$2y$10$abcdefghijklmnopqrstuvwxyz1234567890ABCDEFGH,light,1,2026-02-03 13:59:48,1243,2969,3,IGE,81.9,2,4,2,0,0,0,F,28,Soltero
2970,est459_135948173239,Estudiante459,Hibrido459,estudiante459@hibrido.anxitech.com,$2y$10$abcdefghijklmnopqrstuvwxyz1234567890ABCDEFGH,light,1,2026-02-03 13:59:48,1244,2970,3,IGE,83.7,5,6,1,0,0,0,M,26,Soltero
2971,est460_135948175267,Estudiante460,Hibrido460,estudiante460@hibrido.anxitech.com,$2y$10$abcdefghijklmnopqrstuvwxyz1234567890ABCDEFGH,light,1,2026-02-03 13:59:48,1245,2971,3,ICD,79.4,1,5,3,0,0,0,M,26,Soltero
2972,est461_135948177271,Estudiante461,Hibrido461,estudiante461@hibrido.anxitech.com,$2y$10$abcdefghijklmnopqrstuvwxyz1234567890ABCDEFGH,light,1,2026-02-03 13:59:48,1246,2972,3,IGE,89.9,3,6,3,0,0,0,F,21,Soltero
2973,est462_135948178284,Estudiante462,Hibrido462,estudiante462@hibrido.anxitech.com,$2y$10$abcdefghijklmnopqrstuvwxyz1234567890ABCDEFGH,light,1,2026-02-03 13:59:48,1247,2973,3,ICD,74.0,2,5,1,0,0,0,F,20,Soltero
2974,est463_135948179298,Estudiante463,Hibrido463,estudiante463@hibrido.anxitech.com,$2y$10$abcdefghijklmnopqrstuvwxyz1234567890ABCDEFGH,light,1,2026-02-03 13:59:48,1248,2974,3,IINF,85.0,6,8,0,0,1,0,F,18,Soltero
2975,est464_135948180322,Estudiante464,Hibrido464,estudiante464@hibrido.anxitech.com,$2y$10$abcdefghijklmnopqrstuvwxyz1234567890ABCDEFGH,light,1,2026-02-03 13:59:48,1249,2975,3,IGE,83.8,4,5,3,0,0,0,M,28,Casado
2976,est465_135948183484,Estudiante465,Hibrido465,estudiante465@hibrido.anxitech.com,$2y$10$abcdefghijklmnopqrstuvwxyz1234567890ABCDEFGH,light,1,2026-02-03 13:59:48,1250,2976,3,ISC,76.2,10,6,2,0,0,0,M,23,Soltero
2977,est466_135948185575,Estudiante466,Hibrido466,estudiante466@hibrido.anxitech.com,$2y$10$abcdefghijklmnopqrstuvwxyz1234567890ABCDEFGH,light,1,2026-02-03 13:59:48,1251,2977,3,ISC,85.0,6,5,0,0,0,1,F,28,Soltero
2978,est467_135948186769,Estudiante467,Hibrido467,estudiante467@hibrido.anxitech.com,$2y$10$abcdefghijklmnopqrstuvwxyz1234567890ABCDEFGH,light,1,2026-02-03 13:59:48,1252,2978,3,IGE,93.1,8,4,2,0,0,0,F,26,Soltero
2979,est468_135948188274,Estudiante468,Hibrido468,estudiante468@hibrido.anxitech.com,$2y$10$abcdefghijklmnopqrstuvwxyz1234567890ABCDEFGH,light,1,2026-02-03 13:59:48,1253,2979,3,ISC,90.9,4,4,2,0,1,0,F,22,Soltero
2980,est469_135948189453,Estudiante469,Hibrido469,estudiante469@hibrido.anxitech.com,$2y$10$abcdefghijklmnopqrstuvwxyz1234567890ABCDEFGH,light,1,2026-02-03 13:59:48,1254,2980,3,IINF,78.8,5,7,0,0,1,1,F,25,Casado
2981,est470_135948191465,Estudiante470,Hibrido470,estudiante470@hibrido.anxitech.com,$2y$10$abcdefghijklmnopqrstuvwxyz1234567890ABCDEFGH,light,1,2026-02-03 13:59:48,1255,2981,3,IGE,83.1,1,7,3,0,1,0,M,27,Soltero
2982,est471_135948192597,Estudiante471,Hibrido471,estudiante471@hibrido.anxitech.com,$2y$10$abcdefghijklmnopqrstuvwxyz1234567890ABCDEFGH,light,1,2026-02-03 13:59:48,1256,2982,3,ICD,85.2,6,7,1,0,0,0,M,23,Soltero
2983,est472_135948193600,Estudiante472,Hibrido472,estudiante472@hibrido.anxitech.com,$2y$10$abcdefghijklmnopqrstuvwxyz1234567890ABCDEFGH,light,1,2026-02-03 13:59:48,1257,2983,3,IGE,70.3,6,4,3,0,0,0,M,28,Soltero
2984,est473_135948195670,Estudiante473,Hibrido473,estudiante473@hibrido.anxitech.com,$2y$10$abcdefghijklmnopqrstuvwxyz1234567890ABCDEFGH,light,1,2026-02-03 13:59:48,1258,2984,3,ISC,82.7,3,6,0,0,0,1,M,26,Soltero
2985,est474_135948196742,Estudiante474,Hibrido474,estudiante474@hibrido.anxitech.com,$2y$10$abcdefghijklmnopqrstuvwxyz1234567890ABCDEFGH,light,1,2026-02-03 13:59:48,1259,2985,3,ICD,93.7,6,8,2,0,0,0,M,19,Soltero
2986,est475_135948199129,Estudiante475,Hibrido475,estudiante475@hibrido.anxitech.com,$2y$10$abcdefghijklmnopqrstuvwxyz1234567890ABCDEFGH,light,1,2026-02-03 13:59:48,1260,2986,3,IINF,77.8,10,8,3,0,1,0,M,28,Soltero
2987,est476_135948201218,Estudiante476,Hibrido476,estudiante476@hibrido.anxitech.com,$2y$10$abcdefghijklmnopqrstuvwxyz1234567890ABCDEFGH,light,1,2026-02-03 13:59:48,1261,2987,3,ISC,81.0,9,5,2,0,0,0,F,24,Soltero
2988,est477_135948202235,Estudiante477,Hibrido477,estudiante477@hibrido.anxitech.com,$2y$10$abcdefghijklmnopqrstuvwxyz1234567890ABCDEFGH,light,1,2026-02-03 13:59:48,1262,2988,3,IINF,92.1,2,5,0,0,0,0,F,23,Soltero
2989,est478_135948204240,Estudiante478,Hibrido478,estudiante478@hibrido.anxitech.com,$2y$10$abcdefghijklmnopqrstuvwxyz1234567890ABCDEFGH,light,1,2026-02-03 13:59:48,1263,2989,3,IINF,77.4,6,6,1,0,0,1,F,27,Soltero
2990,est479_135948205244,Estudiante479,Hibrido479,estudiante479@hibrido.anxitech.com,$2y$10$abcdefghijklmnopqrstuvwxyz1234567890ABCDEFGH,light,1,2026-02-03 13:59:48,1264,2990,3,IGE,94.3,8,4,0,0,1,0,F,25,Soltero
2991,est480_135948206248,Estudiante480,Hibrido480,estudiante480@hibrido.anxitech.com,$2y$10$abcdefghijklmnopqrstuvwxyz1234567890ABCDEFGH,light,1,2026-02-03 13:59:48,1265,2991,3,IINF,77.4,2,4,2,0,0,0,F,23,Soltero
2992,est481_135948207252,Estudiante481,Hibrido481,estudiante481@hibrido.anxitech.com,$2y$10$abcdefghijklmnopqrstuvwxyz1234567890ABCDEFGH,light,1,2026-02-03 13:59:48,1266,2992,3,IGE,92.6,7,7,3,0,0,0,M,25,Soltero
2993,est482_135948208273,Estudiante482,Hibrido482,estudiante482@hibrido.anxitech.com,$2y$10$abcdefghijklmnopqrstuvwxyz1234567890ABCDEFGH,light,1,2026-02-03 13:59:48,1267,2993,3,IGE,90.4,3,8,3,0,0,0,F,28,Casado
2994,est483_135948210329,Estudiante483,Hibrido483,estudiante483@hibrido.anxitech.com,$2y$10$abcdefghijklmnopqrstuvwxyz1234567890ABCDEFGH,light,1,2026-02-03 13:59:48,1268,2994,3,ICD,85.7,4,7,0,0,0,0,F,19,Casado
2995,est484_135948211352,Estudiante484,Hibrido484,estudiante484@hibrido.anxitech.com,$2y$10$abcdefghijklmnopqrstuvwxyz1234567890ABCDEFGH,light,1,2026-02-03 13:59:48,1269,2995,3,IINF,87.3,5,6,3,0,0,0,M,18,Soltero
2996,est485_135948212376,Estudiante485,Hibrido485,estudiante485@hibrido.anxitech.com,$2y$10$abcdefghijklmnopqrstuvwxyz1234567890ABCDEFGH,light,1,2026-02-03 13:59:48,1270,2996,3,IINF,80.4,5,7,1,0,1,0,M,25,Soltero
2997,est486_135948214466,Estudiante486,Hibrido486,estudiante486@hibrido.anxitech.com,$2y$10$abcdefghijklmnopqrstuvwxyz1234567890ABCDEFGH,light,1,2026-02-03 13:59:48,1271,2997,3,ISC,86.1,1,6,3,0,1,0,M,28,Soltero
2998,est487_135948215478,Estudiante487,Hibrido487,estudiante487@hibrido.anxitech.com,$2y$10$abcdefghijklmnopqrstuvwxyz1234567890ABCDEFGH,light,1,2026-02-03 13:59:48,1272,2998,3,IINF,87.0,7,8,3,0,0,0,M,21,Casado
2999,est488_135948217527,Estudiante488,Hibrido488,estudiante488@hibrido.anxitech.com,$2y$10$abcdefghijklmnopqrstuvwxyz1234567890ABCDEFGH,light,1,2026-02-03 13:59:48,1273,2999,3,ICD,84.7,9,8,0,0,0,0,M,25,Soltero
3000,est489_135948218551,Estudiante489,Hibrido489,estudiante489@hibrido.anxitech.com,$2y$10$abcdefghijklmnopqrstuvwxyz1234567890ABCDEFGH,light,1,2026-02-03 13:59:48,1274,3000,3,ICD,82.7,10,8,2,0,0,0,M,19,Soltero
3001,est490_135948222175,Estudiante490,Hibrido490,estudiante490@hibrido.anxitech.com,$2y$10$abcdefghijklmnopqrstuvwxyz1234567890ABCDEFGH,light,1,2026-02-03 13:59:48,1275,3001,3,IGE,91.4,10,4,3,0,0,0,F,18,Soltero
3002,est491_135948223175,Estudiante491,Hibrido491,estudiante491@hibrido.anxitech.com,$2y$10$abcdefghijklmnopqrstuvwxyz1234567890ABCDEFGH,light,1,2026-02-03 13:59:48,1276,3002,3,ICD,82.3,4,8,3,0,0,0,F,25,Soltero
3003,est492_135948224175,Estudiante492,Hibrido492,estudiante492@hibrido.anxitech.com,$2y$10$abcdefghijklmnopqrstuvwxyz1234567890ABCDEFGH,light,1,2026-02-03 13:59:48,1277,3003,3,IINF,91.4,3,5,0,0,0,0,F,21,Soltero
3004,est493_135948226432,Estudiante493,Hibrido493,estudiante493@hibrido.anxitech.com,$2y$10$abcdefghijklmnopqrstuvwxyz1234567890ABCDEFGH,light,1,2026-02-03 13:59:48,1278,3004,3,IGE,94.6,1,8,1,0,0,0,M,20,Soltero
3005,est494_135948227447,Estudiante494,Hibrido494,estudiante494@hibrido.anxitech.com,$2y$10$abcdefghijklmnopqrstuvwxyz1234567890ABCDEFGH,light,1,2026-02-03 13:59:48,1279,3005,3,IGE,94.9,9,7,0,0,0,0,M,21,Soltero
3006,est495_135948229526,Estudiante495,Hibrido495,estudiante495@hibrido.anxitech.com,$2y$10$abcdefghijklmnopqrstuvwxyz1234567890ABCDEFGH,light,1,2026-02-03 13:59:48,1280,3006,3,ICD,88.3,2,8,0,0,0,1,F,27,Soltero
3007,est496_135948230548,Estudiante496,Hibrido496,estudiante496@hibrido.anxitech.com,$2y$10$abcdefghijklmnopqrstuvwxyz1234567890ABCDEFGH,light,1,2026-02-03 13:59:48,1281,3007,3,ICD,74.1,3,7,3,0,1,1,M,21,Soltero
3008,est497_135948231572,Estudiante497,Hibrido497,estudiante497@hibrido.anxitech.com,$2y$10$abcdefghijklmnopqrstuvwxyz1234567890ABCDEFGH,light,1,2026-02-03 13:59:48,1282,3008,3,IINF,91.1,2,7,1,0,1,0,M,24,Soltero
3009,est498_135948232623,Estudiante498,Hibrido498,estudiante498@hibrido.anxitech.com,$2y$10$abcdefghijklmnopqrstuvwxyz1234567890ABCDEFGH,light,1,2026-02-03 13:59:48,1283,3009,3,ISC,78.8,3,5,2,0,0,1,F,23,Soltero
3010,est499_135948233644,Estudiante499,Hibrido499,estudiante499@hibrido.anxitech.com,$2y$10$abcdefghijklmnopqrstuvwxyz1234567890ABCDEFGH,light,1,2026-02-03 13:59:48,1284,3010,3,ISC,78.5,10,6,0,0,0,0,M,27,Soltero
3011,est500_135948234668,Estudiante500,Hibrido500,estudiante500@hibrido.anxitech.com,$2y$10$abcdefghijklmnopqrstuvwxyz1234567890ABCDEFGH,light,1,2026-02-03 13:59:48,1285,3011,3,ICD,88.7,8,5,3,0,1,0,F,19,Soltero
